0,1,"Sistema opioidearen eta kannabinoidearen parte hartzea giza ugalketan ."
0,2,"Ernalketa gertatzeko"
0,3,"espermatozoideek emearen umetoki-tronpara heldu behar dute *"
0,4,"obozitoek obariotik askatu behar dute"
0,5,"eta azkenik * falopioren-tronpara iritsi eta elkarrekin fusionatu behar dute ."
0,6,"Gametoen heltzeak * bidaiatzeak eta fusionatzeak koordinazio oso fina eskatzen dute ."
0,7,"Hainbat komunikazio sistema identifikatu dira arra eta emearen ugal-aparatuetan * besteak beste * serotonina * neurokinina * glizina edo azetil kolinaren sitemak ."
0,8,"Baina gure interesa piztu dutenak * sistema opioidea eta kannabinoidea izan dira ."
0,9,"Opioideak eta kannabinoideak bi droga-talde psikoaktiboak dira ."
0,10,"Opioideak peptidoak dira eta kannabinoideak lipidoak *"
0,11,"baina biak antzeko profil farmakologikoa dute ."
0,12,"Zelulan substantzia bakoitzak hartzaile desberdinak aktibatzen ditu *"
0,13,"baina opioide - zein kannabinoide-hartzaileak G proteinei lotuta daude * zehazki Gi / o proteinei ."
0,14,"Ligando mota biak bere funtzioa bete ondoren"
0,15,"entzima espezifikoen bitartez inaktibatzen dira ."
0,16,"Gaur egun * barne-sistema opioide eta kannabinoideari buruzko informazio ugari daukagu"
0,17,"eta bi sistemen funtzioak organismoaren hainbat organotan aztertuak izan dira ."
1,18,"Gure taldearen helburu orokorra bi sistema hauek ugalketan izan lezaketen inplikazioa aztertzea da ."
0,19,"Zehazki * ernalketan parte hartzen duten espermatozoideen eta obozitoen erregulazioan opioideek eta kannabinoideek duten eragina aztertu nahi dugu ."
0,20,"Eta horretarako * sistema bakoitzaren osagaiak aztertuko ditugu ."
0,21,"PCR teknikaren bidez RNA mezularien agerpena frogatuko dugu ;"
0,22,"immunoblota eginez"
0,23,"hartzaileak * entzimak eta peptidoen presentzia baieztatuko dugu ;"
0,24,"immunozitokimika"
0,25,"proteina eta peptidoen kokapena zehazteko"
0,26,"erabiliko dugu ;"
0,27,"azkenik *"
0,28,"sistema bakoitzaren funtzionalitatea aztertzeko *"
0,29,"agonistekin * antagonistekin eta entzimen inhibitzaileekin inkubazioak aurrera eramango ditugu ."
0,30,"Gaur arte * opioide - eta kannabinoide-hartzaileak giza espermatozoideetan agertzen direla deskribatu dugu *"
0,31,"mugikortasunean duten garrantzia ere aztertuz ."
0,32,"Era berean * kolaborazio baten bidez * sistema bakoitzeko entzima anderatzaileen presentzia eta funtzioa aztertu dugu ."
0,33,"Bestaldetik * opioide - eta kannabinoide-hartzaileen kokapena giza obozitoetan deskribatu dugu *"
0,34,"hauen heltze prozesuan aurkezten duten lokalizazio aldaketak arakatuz ."
0,35,"Eta orain * sistema hauen entzima anderatzaileak eta ligandoak obozitoetan aztertzen ari gara ."
0,36,"Ikerketa lerroa zabaltzeko"
0,37,"giza enbrioietan * endometrioan eta falopioren tronpan ere antzeko esperimentuak aurrera eramateko ideia daukagu ."
0,38,"Modu honetan"
0,39,"ugalketan parte hartzen duten zelulak ( espermatozoideak eta obozitoak ) inguruneak ( tronpak eta endometrioa ) eta ernalketa gertatzean"
0,40,"sortzen den berria ( enbrioia ) aztertu ahal izango dugu ."
0,1,"Nerbio-sistema zentralaren lesio-ondoko plastikotasuna ."
0,2,"Nerbio-sistema zentralak lesio baten ondoren galdutako funtzioak berreskuratzeko edota inguruneko eskakizun berriei aurre egiteko duen ahalmena plastikotasuna da ."
0,3,"Honek burmuina etengabe aldatzen ari dela adierazten du *"
0,4,"horrela aldaketa mekanismo hauen ezagutzak helburu zehatz baterako moldaketa estrategiak diseinatzea ahalbidetuko luke ."
0,5,"Burmuinaren gaitasun plastikoan parte hartzen duten faktoreen artean garrantzitsuenetarikoa izakiaren adina da * edo berdina den nerbio-sistemaren heldutasun maila ."
0,6,"Gure laborategiko aurretiko lanetan ikusi dugu * arratoi jaioberrietan erretinaren erauzketak mesentzefaloko goiko kolikuluetako ikusmen geruzetan aldaketa nabarmenak eta egonkorrak jasaten dituela *"
0,7,"kolikuluetako ukigabeko beste aferentzia sentsorialak hedatu egiten direlako ."
0,8,"Bestalde *"
0,9,"lesioa arratoi helduetan burutzen denean"
0,10,"ez da axoi-hazkuntza prozesurik ematen ."
0,11,"Hau da * nahiz eta burmuin helduak oraindik aldaketa gutxi batzuk jasateko ahalmena izan *"
0,12,"garapenean zehar nerbio-sistemaren gaitasun plastikoa murriztuz doa *"
0,13,"hazkuntza-faktoreak galdu edota hazkuntzaren faktore inhibitzaileak agertzen direlako ."
1,14,"Hori dela eta gure taldean nerbio-sistema heldua eta heldugabekoaren arteko gaitasun plastiko ezberdinaren oinarri morfologikoak aztertzen ari gara ."
0,15,"Horretarako bi pauso nagusi ematen ditugu :"
0,16,"i ) Ikusmen-sistemaren konexioak manipulatu aldaketak sortaraziz *"
0,17,"ii ) hazkuntzaren proteina inhibitzaile edota erraztatzaileen espresio aldaketak aztertu ."
0,18,"Nerbio-sisteman lesioen ondorioz askatzen diren mekanismoen ezagutzak beraietan parte hartzen dituzten faktore molekularrak manipulatzeko bidea irekitzen du *"
0,19,"sistemaren gaitasun plastikoa eta ondorengo sendatze gaitasuna ahalbidetuz ."
0,20,"Ikerketa-lerroari dagozkien lanak aurrera eramateko finantzaketa-iturriak hurrengoak dira : FIS PI052046 * GIU06/15 * SAI07/80 * SAI08/74 * FIS PS09/00476 * GIU09/49 ."
0,1,"Transesterifikazioak . Biodieselak . Teknika esperimentalak . ( UNESCO 08/05 ) ."
1,2,"Gure ikerkuntza * kimikari esker jasangarritasunean guztiok eman ahal dugun urrats txiki batekin lotuta dago ; hain zuzen ere * hondakin bezalaxe botatzen dugun fritangako olioari erabilpen berri bat ematea bioerregai moduan ."
0,3,"Horretarako *"
0,4,"fritangako olioari zikinkeria solidoak iragazi ostean"
0,5,"alkohol metilikoarekin erreakzionaraziko diogu baldintza arruntetan"
0,6,"eta handik ordu batera * edo arinago * bi geruza edo fase desberdinak eskuratuko ditugu ."
0,7,"Behekoa ( dentsoena ) glizerinarena da"
0,8,"eta goiko geruzan olio koipetsuen metil esterrez osatuta dago ."
0,9,"Olio koipetsu hauen metil esterrak ( FAME ingelesez ) biodieselak dira ."
0,10,"Metil ester hauek aislatu eta purifikatu ostean"
0,11,"bere ezaugarritze kimikoari ekin diogu ;"
0,12,"horretarako hainbat eta hainbat propietate kimiko fisiko eta organikoak neurtu ditugu ."
0,13,"Orain arte erabilitako teknika esperimentalak ondoko hauek izan dira :"
0,14,"- Analisia elementala * C * H eta O portzentaiak determinatzeko ."
0,15,"- Gas kromatografia * masa espektroskopiarekin batera konposatu kimiko desberdinak identifikatzeko ."
0,16,"- Protoiaren erresonantzia magnetika nuklearra * RMN-1H * hidrogeno ezberdinen ingurua eta proportzioa ezagutzeko ."
0,17,"- Piknometria * metil ester hauen dentsitateak neurtzeko ."
0,18,"- Biskosimetria * beraien biskositatea determinatzeko ."
0,19,"- Iodometria * lotura bikoitzen kopurua zehazteko ."
0,20,"- Kalorimetria * metil ester hauen bero-ahalmena jakiteko ."
0,21,"- DSC kalorimetria * tenperatura baxuko portaera ezagutzeko ."
0,22,"- Bolumetria * azido askeen kantitatea zehazteko ."
0,23,"- Distilazio-kurba * irakite tenperaturen eboluzioa ezagutzeko ."
0,24,"Hauekin eta beste froga osagarri batzuekin jakin ahal izango dugu UPV / EHU unibertsitatean bai jantokiek ekoizten dutenarekin bai unibertsitatearen erabiltzaileak ( ikasle * irakasle * azp-pas ) etxetik ekarritako olioarekin ea posible den EN14214 arautegia betetzen duen biodiesela ekoiztea ."
0,25,"Ikerkuntza honetan beste zenbait ikerkuntza arlo jorratzen ari gara * bizitza-zikloaren analisia esate baterako ."
0,26,"Honelako analisiak oso beharrezkoak dira"
0,27,"erregai baten kalitatea argi eta garbi azaltzeko ."
0,28,"Azken finean"
0,29,"gure ikerkuntzan erabili ohi dugun diesela ( petroliotik ekoizturikoa ) gure autoari bota ahal izateko"
0,30,"petrolioa bera * arauzi behar izan da *"
0,31,"petrolio gordina garraiatu *"
0,32,"petrolioa birfindegi batean ( Petronor ) distilatu *"
0,33,"eta azkenean bere distribuzioa egin ."
0,34,"Honetan guzti honetan ( sehaskatik hilobira ) zenbat energia kontsumitu den determinatzea oso garrantzitsua da"
0,35,"gure fritangako olioaren bidez lorturiko biodieselarekin konparatu ahal izateko ."
0,36,"Gure kalkuluen arabera biodiesel hauek askoz garbiago eta energetikoagoak dira"
0,37,"eta negutegi efektua sortzen duten gasen kopuru txikiagoak ditu ."
0,38,"Ezin genuke aipatu gabe utzi gure ustez biltzen ez dugun olioa fregaderatik ur araztegira doana dela *"
0,39,"eta honek izugarrizko uraren kutsadura sortzen du ."
0,40,"Honi buruzko aitzindari diren datu adierazgarri batzuk ari gara lortzen"
0,41,"eta ezagutzera emango dugu ."
0,1,"Proteomikako tekniken garapena eta erabilera ."
0,2,"Proteomika eskala handian eginiko proteinen analisia da ."
0,3,"Analisi honek atal desberdinak ditu * proteinen identifikazioa * adierazpen maila * itzulpen ondoko aldaketak eta proteinen arteko elkarrekintzak * esate baterako ."
0,4,"Bere helburua proteinen sareen eta prozesu zelular eta patologikoen ikuspegi orokorra eta integratzailea izatea da ."
0,5,"Gure taldeak proteomikaren inguruko lana bi lerrotan banatuta burutzen du ."
1,6,"Alde batetik * metodologia garatzen dugu"
1,7,"Proteomikako Ikerketa Zerbitzu Orokorrak bere eskaintza zabaldu ahal izateko ."
1,8,"Bestetik * ziklo zelularraren erregulazioan parte hartzen duen E2F2 transkripzio faktorea aztertzen dugu ikuspegi proteomikotik ."
0,9,"- Proteomikaren oinarrian proteinen identifikazioa dago ."
0,10,"Horretarako * masa espektrometriaz lortutako datuak"
0,11,"sekuentzien datu baseetan dauden proteinak identifikatzeko"
0,12,"erabiltzen ditu bilatzaile informatikoak ."
0,13,"Identifikaziorako estrategia tandem masa espektrometrian oinarritzen bada *"
0,14,"proteinen nahasturak azter daitezke ."
0,15,"Orain arte erabiltzen dugun metodologiarekin * proteina purifikatuak eta proteina konplexuen osagaiak aztertzeaz gain *"
0,16,"zelula-konpartimentu edo zelula osoen proteina erauzkinak bezalako proteina nahastura oso konplexuak azter ditzakegu"
0,17,"300-400 proteina identifikatuz ."
0,18,"Hala ere * gaur egun milaka proteina identifikatzea posible dela frogatu da"
0,19,"eta gure metodologia egokitzen ari gara"
0,20,"proteina identifikatuen kopuru horiek lortzeko asmoz ."
0,21,"- Askotan bi laginen proteina edukien arteko konparaketa egin nahi izaten da * adibidez * gaixoa / osasuntsua * farmakoren batekin tratatua / ez tratatua * eta abar ."
0,22,"Horretarako *"
0,23,"identifikatzeaz gain *"
0,24,"modu erlatiboan bada ere *"
0,25,"kuantifikatu egin behar izaten dira proteinak ."
0,26,"Adierazpen proteomika hau burutzeko"
0,27,"normalean erabili izan den metodologia bi dimentsiotako elektroforesian ( 2 DE ) oinarritu izan da ."
0,28,"Hala ere * azken urteotan * 2 DE ekiditzeko masa espektrometrian soilik oinarritzen diren estrategiak garatzen ari dira proteinen kuantifikaziorako ."
0,29,"Gure taldea metodologia hau garatzen ari da *"
0,30,"markaketarik gabeko teknikak erabiliz"
0,31,"emaitza onak lortzen ari garelarik ."
0,32,"- Fosforilazioak garrantzi handia du hainbat proteinen funtzioan ."
0,33,"Proteinen fosforilazioa ( zenbat fosforilazio eta zein aminoazidoetan ) masa espektrometriaz aztertzea ez da erraza *"
0,34,"besteak beste * estekiometria eta ionizazio efizientzia txikiak direlako ."
0,35,"Hori dela eta * analizatu aurretik fosfopeptidoak purifikatu egin behar izaten dira ."
0,36,"Horretarako titanio dioxidoan oinarritutako teknologia erabiltzen dugu ."
0,37,"- Aipatutako garapen teknologikoa E2F transkripzkio faktoreen familien azterketan aplikatzen dugu"
0,38,"Genetikako Saileko Ana Zubiagaren taldearekin kolaboratuz ."
0,39,"- Gure taldeak E2F2ren gabeziak T linfozitoen proteoman eragiten dituen aldaketak aztertu ditugu ."
0,40,"Horretarako sagu basatien eta E2F2-/- linfozitoen proteomak konparatu ditugu *"
0,41,"zelula osoko erauzkinak eta nukleotan aberastutako erauzkinak erabiliz ."
0,42,"- E2F2k hainbat proteinekin elkarrekiten du"
0,43,"bere funtzioak betetzeko ."
0,44,"Proteina horiek identifikatzea da gure beste helburu bat ."
0,45,"E2F2 eta lotuta dituen proteinak purifikatu egiten ditugu"
0,46,"konplexuen osagaiak masa espektrometriaz identifikatzeko ."
0,47,"Horretarako E2F2 espezifikoki ezagutzen dituzten antigorputzekin inmunoprezipitatutako nahasturak eta E2F2k ezagutzen duen sekuentzia duten oligonukleotidoen bidez prezipitatutako nahasturak aztertzen ari gara ."
0,1,"T linfozitoen hazkunderako bidezidor metaboliskoaren ikerketa ."
0,2,"Zelulak eta euren ingurunea hartu-eman estuen bidez daude erregulatuta ."
0,3,"Zelulen mintzetan dauden hartzaileek jasotako seinaleak bidezidor ezberdinak erabiliz"
0,4,"zelula mailan erantzunak sortzen dituzte * hala nola * gene adierazpenean aldaketak * zelula ugalketa * apoptosia * etabar ."
0,5,"Adibidez * zelulak ugaltzera bideratzen dituzten hazkuntza faktoreen hartzaileak aktibatzean *"
0,6,"zelularen barnean aldaketa fisiologikoak eragiten dituzte * hala nola * organuluak eta ADNa bikoiztea besteak beste ."
0,7,"Horretarako * prozesu horiek burutuko dituzten proteinak aktibatu edo / eta adierazi eta zelula zikloa aurrera egitea sahiesten dutenak isilarazi behar dira ."
0,8,"Zelulen prozesu hauek guztiek energia eskaera haundia dakarte ."
0,9,"Energia hori lortzeko *"
0,10,"zelulak prozesu ezberdinez baliatu daitezke * glikolisia eta fosforilazio oxidatzailea kasu ."
0,11,"Baina hazkuntza faktorea zelularen hartzailera batu ostean *"
0,12,"sortutako seinaleak eta energia lortzeko metabolismoa lotzeko bidezidorrak oraindik ez dira guztiz ulertzen ."
0,13,"Zelulen ugalketa ongi erregulatutako prozesua da *"
0,14,"kontrolik gabe hazten diren zelulek minbizia sortu dezaketen tumoreak sortzen baitituzte ."
0,15,"Hazkuntza kontrola galtzea * sarri * proteina erregulatzaileek jasandako mutazioetan oinarritua dago ."
0,16,"Identifikatutako lehenengotariko onkogenea - zelulen ugalketa modu autonomora aldatzen duen proteina - Ras GTPasa izan zen ."
0,17,"Gaur egun ugaztunetan 100-dik gora gene ezagutzen dira"
0,18,"GTPa hidrolizatzeko gai diren GTPasa monomerikoen Ras familia osatzen dutenak ."
0,19,"Zelularen fisiologia erregulatzen duten prozesu askotako bidezidorretan parte hartzen dutela jakina da ."
0,20,"Prozesu hauetako bat erantzun immunologikorako T linfozitoen aktibazioa da *"
0,21,"organismo arrotzen antigenoak ezagutzean gertatzen dena ."
0,22,"Hala ere * GTPasek T linfozitoetan IL-2 hazkuntza-faktorearen eraginpean bete dezaketen funtzioa ez da sakonki aztertua izan *"
1,23,"gure ikerketa azterketa horretan zentratu delarik ."
0,24,"Gure ikerketaren emaitzek erakusten dutenez *"
0,25,"IL-2-ak Rac1-en aktibazioa eragiten du T linfoziotetan ."
0,26,"GTPasa honek zelularen fisiologian izan dezakeen eragina aztertzeko *"
0,27,"berari loturiko proteinak bildu eta identifikatu ditugu ."
0,28,"Hurbilketa horretarako * masen espektrometria erabili dugu ."
0,29,"Horrela * glukogeno fosforilasa ( GP ) * glukogeno kateetatik glukosa molekulak askatzen dituen entzima * Rac1-en egoera aktiboari lotuta atzeman dugu ."
0,30,"Rac1 eta GP-aren artean elkarrekintza zuzena dagoela aurkitu dugu ."
0,31,"Gainera * elkarrekintza hori gertatzea beharrezkoa dela ikusi dugu IL-2ak zuzendutako GParen aktibitaterako ."
0,32,"Azkenik * GP-aren jarduera funtzionala IL-2ak eragindako hazkundean beharrezkoa dela ikusi dugu ."
0,33,"Izan ere *"
0,34,"GParen inhibitzaile baten bidez honen jarduera eragotziz gero *"
0,35,"ez baita zelulen ugalketarik gertatzen ."
0,36,"Emaitza hauek Rac1-en ekintzak bideratutako ezinbesteko lotura agertzen dute oinarrizko metabolismoaren eta zelulen ugalketaren erregulazioan ."
0,1,"Familiaren kapital sozialaren eta berrikuntzaren azterketa : & Familiaren efektua & kapital sozialean ."
1,2,"Lan honek familia-enpresen kapital soziala ikertzen du *"
0,3,"familiaren kapital sozialaren eta antolaketa-berrikuntzaren arteko harremana aztertuz ."
0,4,"Ikuspegi estruktural * erlazional * kognitibo eta & taldeen teorian & oinarrituta * aurreikusten dugu familiako kideen kapital sozialak eragin positiboa izango duela enpresaren berrikuntzan ."
0,5,"Gure hipotesia"
0,6,"familia-enpresetan kudeaketa-funtzioak betetzen dituzten pertsona elkarrizketatuen laginak aztertuz"
0,7,"frogatu dugu ."
0,8,"Halaber * gure emaitzen bidez * familia-enpresen atzean dagoen kapital soziala hobeto uler dezakegu * erakundeak talde sozial dominante batean agertu ohi diren testuinguruaren baitan ."
0,1,"Hezkuntza-erakundeen kudeaketa orekatua : EFQM ereduan oinarritutako Balanced Scorecard & akademikoa & ."
0,2,"Ohiko kontabilitate-sistema ekonomiko-finantzarioek muga nabariak dituzte"
0,3,"hezkuntza-erakundeen aldagai ez-finantzarioak kontrolatzeko ."
0,4,"Aldagai horietatik garrantzitsuena hezkuntzaren kalitatea da ."
0,5,"Gure inguruko hezkuntza-erakundeen artean * EFQM ereduak du lehentasuna Erabateko Kalitatearen Kudeaketaren esparruan ."
1,6,"Lan honetan * EFQM eredua kudeaketa-kontrolaren eta kontabilitatearen ikuspegitik aztertuko dugu *"
0,7,"eredu horrek hezkuntza-erakundeen jardunbidea egoki planifikatu eta kontrolatzeko duen gaitasuna baloratuz ."
0,8,"Zehazki *"
0,9,"EFQM ereduarekin integratuz *"
0,10,"adierazle finantzarioz eta ez-finantzarioz osatutako Balanced Scorecard tresnaren erabilera proposatuko dugu * hezkuntza-erakundeen kudeaketa orekatua gidatzeko eta kontrolatzeko tresna gisa ."
0,1,"Lidergoa * fluxu-egoera eta produktibitatea enpresetan ."
1,2,"Artikulu honen helburua da erakustea badagoela * lidergo eraginkor eta « emozional » baten bidez * enpresa-kultura & indartsu & bat sortzerik eta * horri esker * lanean fluxu-egoera indibidual nahiz kolektiboak sustatzerik ."
0,3,"Horrela * artikuluan barrena fluxu-egoerari buruz ariko gara *"
0,4,"batik bat Mihály Csikszentmihalyiren lanetan oinarrituta ."
0,5,"Fluxu-egoera definitzeaz eta ezaugarritzeaz gain * hura errazten duten baldintzak ere zehaztuko ditugu ."
0,6,"Halaber * fluxuak eta autorrealizazioak duten harremana ere bistaratuko dugu ."
0,7,"Bestalde * datu & bitxi & * deigarri eta esanguratsu bati azalpena ematen ahaleginduko gara :"
0,8,"& lanean gertatzen da fluxu-esperientziarik gehien & * Csikszentmihalyiren arabera ."
0,9,"Hori azaltzeko *"
0,10,"enpresa-kultura & indartsua & zertan datzan esango dugu ;"
0,11,"izan ere * gure iritziz * enpresa-kultura & indartsuen & magalean baino ez baita posible lanean fluxuaren eredua arrakastaz abiarazi eta funtzionaraztea ."
0,12,"Eta argudiatuko dugu ezen enpresa-kultura & indartsuak & diseinatu eta errotzea lidergo-faktore eraginkor bati dagokiola *"
0,13,"betiere adimen emozional handia erabiliz ."
0,1,"Aurrekontu publikoek sexurik ote dute ?"
0,2,"Genero-aurrekontuen osagai eta erronka nagusiak ."
0,3,"Azken bi hamarkadetan *"
0,4,"Australiako Gobernu Federalak bere aurrekontu publikoan generoa txertatzen hasi zenetik *"
0,5,"ildo horri jarraitu dioten esperientziak mundu osoan zabaldu dira ."
0,6,"Gaur egun * berrogeita hamar herrialde baino gehiagotan ari dira analisi hauek indarrean jartzen ."
0,7,"Leku guztietan abiapuntu metodologikoa antzekoa izan da *"
0,8,"nahiz eta martxan jarri orduko bakoitzak bere errealitatera egokitu behar izan duen ."
1,9,"Ekimen horiek ikusita * artikulu honen helburuak bi dira ."
1,10,"Alde batetik * aurrekontu publikoen baitan nola islatzen diren gizarte jakin batean dauden genero-bereizkeriak eta * bestetik * zer-nolako tresnak garatzen ari diren Kontu Publikoen generoneutraltasun faltsua agerian uzteko ."
0,11,"Horrez gain * tresna horien aukerak eta mugak aipatu nahi ditugu *"
0,12,"aurrean dituzten erronkak argiago ikus ditzagun ."
0,1,"Haur-oinaren neurri antropometrikoen garapena : Geruzetan oinarrituriko azterketa deskribatzailea ."
1,2,"Azterlan honek haur oinaren eta oinzolako gangaren hazkundea baloratzen du 4 eta 6 urte arteko haurren artean ."
0,3,"Adin horretan hasten da aldaketa hormonalek agintzen duten garapena ."
1,4,"Era berean * beste alderdi batzuk baloratzen dira * hala nola * maleolo peronealaren garrantzia biomekaniko mihise tibioperoneoastragalinoan * aldea sexuen eta adinen artean * eta adin horretan haur bakoitzaren jaiotzako hiru parametro biologikoek izan duten eragina ( haurdunaldi asteak * amaren adina erditzean eta haur bakoitzaren pisua jaiotzan ) ."
0,5,"Estatistikoki esanguratzua den ausaz hartutako 314 haurrez osatutako biztanleria hartzu zen * guztiak 1993an Txagorritxu Ospitalean ( Araba ) jaioak ."
0,6,"Lortutako emaitzek baieztatzen dute adin horretan oinzolako gangaren garapena hasten dela * oin ezkerra eskuina baino handiagoa dela eta gizonezkoenak emakumezkoenak baino handiagoak direla ."
0,7,"Begibistakoa da ere pisu faktoreak eragina duela oinaren neurri antropometrikoetan eta asoziazio estatistikoaren indarra galdu egiten dela adinaren arabera ."
0,8,"Azterlan honek analizatutako korrelazio estatistikoetan lortutako emaitzak jakitera ematen ditu ."
0,1,"Haur-oinaren neurri antropometrikoen garapena : Geruzetan oinarrituriko azterketa deskribatzailea ."
1,2,"Azterlan honek haur oinaren eta oinzolako gangaren hazkundea baloratzen du 4 eta 6 urte arteko haurren artean ."
0,3,"Adin horretan hasten da aldaketa hormonalek agintzen duten garapena ."
1,4,"Era berean * beste alderdi batzuk baloratzen dira * hala nola * maleolo peronealaren garrantzia biomekaniko mihise tibioperoneoastragalinoan * aldea sexuen eta adinen artean * eta adin horretan haur bakoitzaren jaiotzako hiru parametro biologikoek izan duten eragina ( haurdunaldi asteak * amaren adina erditzean eta haur bakoitzaren pisua jaiotzan ) ."
0,5,"Estatistikoki esanguratzua den ausaz hartutako 314 haurrez osatutako biztanleria hartzu zen * guztiak 1993an Txagorritxu Ospitalean ( Araba ) jaioak ."
0,6,"Lortutako emaitzek baieztatzen dute adin horretan oinzolako gangaren garapena hasten dela * oin ezkerra eskuina baino handiagoa dela eta gizonezkoenak emakumezkoenak baino handiagoak direla ."
0,7,"Begibistakoa da ere pisu faktoreak eragina duela oinaren neurri antropometrikoetan eta asoziazio estatistikoaren indarra galdu egiten dela adinaren arabera ."
0,8,"Artikulu hau adinaren eta sexuaren geruzetako azterketa deskribatzailean soilik oinarritzen da ."
0,1,"Galdakaoko Ospitaleko larrialdi zerbitzuak erabiltzen dituzten erabiltzaileen soslaia ."
0,2,"Larrialdi zerbitzuetako asistentzia medikuen kopurua gehituz doa etengabe *"
0,3,"estatu españolean igoera hau urteko %4an kokatzen da ."
0,4,"Erabiltzaileen %80ak bere kabuz erabakitzen dute larrialdi zerbitzu batetara jotzea"
0,5,"eta kontsulta hauen %70a larritasun gutxikotzat jotzen dituzte zerbitzu hauetako medikuek ."
0,6,"Zerbitzu hauen perfila azaltzen duten ikerketa epidemiologikoak egitea baliagarria izan daiteke osasun planifikazioaren aldetik *"
1,7,"hau dela eta * Galdakaoko ospitaleko larrialdi zerbitzuaren erabiltzaileen perfil deskriptibo bat egitea aproposa iruditu zaigu ."
0,8,"Emaitzak :"
0,9,"Erabiltzaileen perfil orokorra ondokoa dela esan daiteke : gizonezkoa ( %51.4 ) * heldua ( 43.2 urteko media ) eta patologia traumatologikoagatik kontsultatzen duena ( %50.5 ) ."
0,10,"Galdakao inguruko herrietatik datorrelarik gehiengoa ."
0,1,"Euskararako koma-zuzentzaile automatiko baterantz ."
0,2,"XUXEN ortografia-zuzentzailearen arrakastaren ondoren eta IXA taldean Hizkuntzaren Prozesamenduan urtetan egindako lanari jarraiki *"
0,3,"XUXENg euskarako gramatika - eta estilo-zuzentzailea garatzeko aurrerapausoak egiten dihardugu azken urteetan ;"
1,4,"horien artean kokatzen dugu hemen aurkeztuko dugun koma-zuzentzaile automatikoa ere ."
0,5,"Tresna honen garapenerako * komak zuzen jartzeko lan teorikoak aztertu ditugu lehendabizi *"
0,6,"eta ikasketa automatikoko teknikak eta erregeletan oinarritutakoak uztartu ditugu gero ;"
0,7,"koma-zuzentzaile bat garatzeko"
0,8,"sintagmeneta perpausen identifikatzaile automatikoen beharra azaleratu du ikerketa honek ."
0,1,"Datuen bistaratzea estatistika ofizialetan ."
0,2,"Ordenagailuek zein informatikak azken urteetan jasandako aurrerapenek eragin zuzena izan dute datuen bistaratzearen esparruan ."
0,3,"Datuen bistaratzea delako analisi prozedurak funtsean ahalbidetzen du jasotako datuak era adierazgarrian sintetizatu edo laburtzea ;"
0,4,"datuen analisi klasikoaren osagarria da *"
0,5,"zenbakizko kalkuluko prozeduretan oinarritua ."
0,6,"Aipaturiko berrikuntzek * ahalbidetu dute bistaratze estatiko edo klasikoez gainera * interaktibo deritzen beste bistaratze sofistikatuago batzuk sortzen hastea ."
0,7,"Estatistika ofizialen erakundeak * eta bereziki Eustat Euskal Estatistika Erakundea * hasiak dira informazioaren teknologia berri hauek eskaintzen dizkieten aukera eta berrikuntzez baliatzen"
0,8,"egoera berrira moldatu ahal izateko ."
1,9,"Hori dela eta * artikulu honetan azalduko dira zein izan diren Eustat Euskal Estatistika erakundeak 2 urtean zehar datuen bistaratzearen gaiaren inguruan egindako ikerketa lanean lorturiko emaitza eta ondorioak ;"
0,10,"horretarako * bereziki erreparatuko zaie erakundearen datu mota ezberdinetara egokituriko grafiko estatiko eta batez ere dinamikoei ."
0,1,"Wikipedia eta itzulpen automatikoa : & harri batez bizpalau xori & ."
1,2,"Artikulu honetan elkarlanean egindako proiektu bat aurkezten dugu ."
0,3,"Boluntario talde bat bildu dugu"
0,4,"espainierazko Wikipediako hainbat artikulu euskarara itzultzeko *"
0,5,"baina boluntarioen lana errazteko *"
0,6,"Matxin itzultzaile automatikoa erabili dugu"
0,7,"aurre-itzulpenak sortzeko *"
0,8,"eta horrela boluntarioen lana errore eta akatsak dituzten itzulpen automatiko horiek aztertu eta zuzentzea izan da ."
0,9,"Lan honekin * batetik * Euskal Wikipedia aberastu dugu *"
0,10,"50.000 hitz berri gehituz ."
0,11,"Beste alde batetik * sistema automatikoaren itzulpenak eta posteditatutako bertsio zuzenduekin corpus bat sortu dugu ."
0,12,"Corpus hori erabili dugu"
0,13,"posteditore estatistiko bat sortzeko *"
0,14,"Matxin itzulpen automatikoko sistemaren irteeraren doitasuna %10ean hobetuz ."
0,1,"Euskararako analizatzaile sintaktiko estatistikoa hobetzeko teknikak ."
1,2,"Artikulu honetan euskararako analizatzaile sintaktiko estatistikoen emaitzak hobetzeko helburuarekin egindako esperimentu multzoa aurkezten da ."
0,3,"Lan honetan teknika ezberdinak aztertzen dira : i ) zuhaitz-transformazioak * ii ) analizatzaileen pilaketa * eta iii ) analizatzaile modelo desberdinen irteeren konbinaketa ."
0,4,"Emaitza guztiak zuhaitz-bankutik zuzenean hartutako urre-patroiko ezaugarri morfosintaktikoak erabiliz eta analisi morfologiko eta desanbiguatze moduluetatik hartutako ezaugarri morfosintaktiko automatikoak erabiliz egin dira ."
0,1,"GSK-3ren menpe dauden transkripzio-faktoreen azterketak NFKB eta ARren arteko alderantzizko korrelazioa nabarmentzen du prostatako minbizian ."
0,2,"Prostatako minbizia *"
0,3,"gizonei dagokienez *"
0,4,"lurralde garatuetan maiztasun handiena duen tumorea da ."
0,5,"Minbizi mota honen hasiera eta garapena androgeno-errezeptorearen ( AR ) menpekoa da *"
0,6,"eta are gehiago * Glycogen synthase kinase-3 ( GSK-3 ) ren espresioa gainadierazita dagoela ezaguna da ."
0,7,"Argitaraturik dago * GSK-3 inhibitzen dituzten sustantziek prostatako tumoreen hazkuntza in vitro eta in vivo murrizten dituztela ."
0,8,"GSK-3ren eragin-mekanismoa korapilatsua ez ezik * testuinguruaren araberakoa ere bada :"
0,9,"GSK-3ren gainadierazpenak zelula mota batzuetan * ARa inhibitu egiten du"
0,10,"eta GSK-3ren inhibitzaileek * ARa negatibo diren zeluletan * ugalketa murriztu egiten dute ."
0,11,"Bestalde * bi GSK-3 isoforma ezagutzen dira : GSK-3a eta GSK-3b ."
0,12,"Hauetariko bakoitzak * prostatako minbizian adierazpen-patroi desberdina du ."
0,13,"Nahiz eta bi isoformek orokorrean bata bestearekin orekatuta egon *"
0,14,"ARren aktibitate transkripzionala mantentzeko *"
0,15,"GSK-3a garrantzitsuagoa da ."
0,16,"GSK-3bren ezabapenak * aldiz * PKBren fosforilazioa bakarrik murriztu egiten du ."
0,17,"GSK-3ren isoforma bakoitzak zein transkripzio-faktore ( TF ) kontrolatzen duen identifikatzeko helburuarekin *"
0,18,"GSK-3 isoforma bakoitzaren azpiadierazpena eraginez *"
1,19,"TF bakoitzaren DNAren itusekuentziara elkartzeko ahalmena aztertu dugu ."
0,20,"Era honetan *"
0,21,"GSK-3a azpiadieraztuz *"
0,22,"honen ARren sekuentziara elkartzeko gaitasuna murriztu egiten da ."
0,23,"Emaitza bat dator gure aurreko lanean lortutakoarekin ."
0,24,"Era berean * GSK-3bren azpiadierazpenak * NFk Brako lotura areagotu egiten du ."
0,25,"Desberdintasun hauek kontutan izanik *"
0,26,"prostatako zeluletan egin ditugun esperimentuen bidez * GSK-3ren gainadierazpenak AR eta NFk B seinalizazio sistemen artean alderantzizko korrelazioko lotura dagoela jakinarazi dugu ."
0,27,"Aldi berean * zelula horien ugalketa aztertuz *"
0,28,"behin GSK-3a erreprimituta *"
0,29,"honekin batera NFk B inhibitu ezkero *"
0,30,"lehenengoaren efektua indartu egiten dela ikusi dugu ."
0,31,"Ondorio hau bat dator GSK-3 inhibitu ezkero sortzen den NFk Bren menpe dauden zelulen biziraupen ereduarekin ."
0,32,"Alde batetik * gure lanak GSK-3/AR/NFkB ardatzaren garrantzia azpimarratu egiten du ."
0,33,"Bestetik * prostatako tumoreen progresioan GSK-3ren isoforma bakoitzaren funtzioak duen garrantzia nabarmendu egiten du ."
0,34,"Era honetan * GSK-3ren isoforma espezifikoen inhibitzaileetan oinarrituriko terapiak onuragarriak izango direla uste dugu"
0,35,"eta bide batez *"
0,36,"GSK-3ren ituak ezagutuz *"
0,37,"gaixoen tumoreen sailkapena eta identifikaziorako bide berriak zabaltzeko aukera emango du ."
0,1,"b-amiloideak b1-integrinaren bidez nadph oxidasa aktibatu eta astrogliosia eragiten du ."
0,2,"Jakina da Alzheimer gaixotasunean narriadura kognitiboa * ? - amiloidea ( A ? ) eta estres oxidatzailea erlazionatuta daudela *"
0,3,"hala ere erlazio hau ez dago guztiz argi ."
1,4,"Guk deskribatutako mekanismoaren bidez * A ? oligomeroek astrogliosia eragiten dute * bai in vitro baita in vivo ere *"
0,5,"prozesu hau estres oxidatzailearen menpeko prozesua delarik ."
0,6,"Lehenik eta behin * A ? oligomeroek oxigenoaren espezie erreaktiboen ( ROS ) produkzioa handitzen zutela ikusi genuen *"
0,7,"zeina NADPH oxidasako ( NOX ) inhibitzaileak erabiliz blokeatzen zen ."
0,8,"Gainera A ? oligomeroek * NOX2 eta NOX1 * mRNA eta proteina mailan * modu desberdin batean erregulatzen zutela ikusi genuen ."
0,9,"Prozesu hau hobeto ulertzeko *"
0,10,"NOXekin elkarreragiten duen Rac-GTPasaren aktibitatea ikertu genuen *"
0,11,"Rac-GTP pooldown teknikaren bidez eta baita PAK proteinaren fosforilazio maila neurtuz ."
0,12,"A ? oligomeroek Rac-GTPasa aktibatzen zutela ikusi eta aktibazio hau PKC klasikoen menpe gertatzen zela ikusi genuen ."
0,13,"Ez hori bakarrik * CD29 errezeptorearen aurkako antigorputza eta wortmanina erabiliz *"
0,14,"A ? oligomeroek eragindako ROS produkzioa blokeatzeko gai izan ginen * ?"
0,15,"1-integrina eta PI3kinasa PKC / Rac / NOX bidearen gainean zeudela frogatuz ."
0,16,"Gainera A ? oligomeroek GFAP * ? 1-integrina eta NOX2 proteinen espresioa handiagotzen zuten hain zuzen ere ? 1-integrina eta NOXen aktibazioen ondorioz ."
0,17,"Aldaketa hauek in vivo ere konfirmatu ahal izan genituen *"
0,18,"alde batetik saguen hipokanpoan A ? oligomeroak injektatuz"
0,19,"eta bestetik Alzheimerra garatzen duen sagu transgeniko hirukoitzean ( 3x Tg-AD ) *"
0,20,"non aldaketa hauek oligomeroen kantitatearekin korrelazionatzen zuten ."
0,21,"Emaitza hauen arabera * A ? oligomeroak astrogliosiaren eragile izan daitezke"
0,22,"eta gainera prozesu hau areagotu estres oxidatzailearen ondorioz * ?"
0,23,"1-integrina eta NOX2 ren espresioa aldatuz ."
0,24,"Guzti hau garrantzitsua izan liteke Alzheimerrean ."
0,1,"Garaterm proiektua :"
0,2,"euskararen osasun alorreko erregistroen garapenerako ekarpena ."
1,3,"2008 ikasturtean abian jarri zen GARATERM proiektuaren helburu nagusia da euskararen erregistro akademiko-profesionalen garapen naturala erregistro horien ikerketarekin eta irakaskuntzarekin uztartzeko tresnak eta baliabideak garatzea eta integratzea ."
0,4,"Euskararen erregistro espezializatuen garapena eta erabilera naturala neurri handian eremu akademikoetan gertatu da orain arte ."
0,5,"Lehen eta bigarren hezkuntzan ezartzen dira diskurtso formal orokorraren eta diskurtso espezializatuaren lehen oinarriak *"
0,6,"eta unibertsitateak zubi-lana egiten du oinarrizko hezkuntzaren eta mundu profesionalaren artean ."
0,7,"Unibertsitateko ikasgeletan prestatzen dira etorkizuneko aditu euskaldunak *"
0,8,"eta mundu profesionalean erabiliko dituzten zenbait diskurtso-baliabideren gakoak eta * bereziki *"
0,9,"erabili beharko dituzten diskurtsoen bizkar-hezurra den oinarrizko terminologia ikasten dituzte bertan ."
0,10,"Osasun alorrera etorrita *"
0,11,"askotariko gai espezializatuak irakasten dira EHUko Medikuntza eta Odontologia Fakultatean * Farmazia Fakultatean eta Erizaintzako eskoletan *"
0,12,"eta komunikazio akademiko espezializatuak hizkuntza-baliabide espezializatuak *"
0,13,"eta bereziki terminologia * ezinbestekoak dituelarik *"
0,14,"zalantzarik ez dago askotariko baliabide espezializatuak garatu direla azken hamarkadetan alor akademikoan * besteak beste * irakaskuntzarako material didaktikoetan * eta euskaraz idatzitako doktoretza - eta master-tesietan zein gradu bukaerako lanetan ."
0,15,"Osasunarekin zerikusia duten alor profesionaletan mundu akademikoan baino presentzia mugatuagoa du euskarak *"
0,16,"baina ezaguna da azken aldian gero eta gehiago direla alor klinikoetan ere euskaraz aritu nahi duten pazienteak eta profesionalak ."
0,17,"Ezaguna da mundu akademikoan erabiltzen diren testu-generoak ( esku-liburuak * apunteak * aurkezpenak * lan akademikoak . ) eta mundu profesionalean erabiltzen direnak ( kasu klinikoak * historia klinikoak * osasun-txostenak * artikulu zientifikoak . ) desberdinak direla * eta testu-genero desberdinek diskurtso-balaibide eta fraseologia desberdinak erabiltzen dituztela ."
0,18,"Egun oro har onartuta dago * halaber * ondo garatutako hizkuntzetan terminologia aldatu egiten dela denboran zehar eta komunikazio-egoeren arabera ."
0,19,"Euskararen normalizazioari begira jomugan izan behar dugun egoeran * beraz *"
0,20,"testu-generoei eta komunikazio-egoerei egokitzen zaizkien askotariko hizkuntza-baliabide espezializatuak behar dira ."
0,21,"Gure iritziz * halako baliabideak eskaintzeko *"
0,22,"beharrezkoa da orain arte eguneroko erabileran garatutako hizkuntza-baliabideak deskribatzea eta horien ezagutzan oinarritzea euskara alor berrietara hedatzen laguntzeko tresnak eta baliabideak ."
0,23,"Garaterm proiektuaren barruan zenbait tresna eta baliabide garatu dira alor akademikoetan erabiltzen diren testuak eta terminologia ikusgai egiten joateko :"
0,24,"Garaterm lan-ingurunea * Garaterm corpusa eta Terminologia Zerbitzurako Online Sistema ( TZOS ) ."
0,25,"Baliabide horiek elikatzeari begira *"
0,26,"funtsezkoa da Terminologia Sareak Ehunduz programa * adituen eta hizkuntzalarien arteko elkarlana bideratzeko ezinbestekoa dena ."
0,27,"Osasun alorreko terminologiari buruzko zenbait ikerketa-lan ere egin dira"
0,28,"eta beste zenbait eramaten ari dira aurrera irakasle-adituekiko elkarlan horri esker ."
0,1,"Terminologia-funtzioak galizieran : metodologia-arazoak eta dagozkion konponbideak"
0,2,"Teknologia berrien mundura sartzen ari den neurrian *"
0,3,"eraso terminologiko gogorrak jasaten ari da galiziera *"
0,4,"eta arlo hori ere gaztelerarekiko menpekotasunaren beste adar bat izan daiteke ."
0,5,"Galizierari emandako irtenbide terminologikoekin leundu egin nahi da arazo larri hori *"
0,6,"batetik * gaztelerakadak besterik gabe onartzea saihestuz *"
0,7,"eta * bestetik * gaztelerak moldatutako terminoak bere corpus terminologikora bilduz ."
0,8,"Menpekotasun oso horrek"
0,9,"- komunitatean sortutako hiztegi terminologikoen analisia eginez"
0,10,"ikusia -"
0,11,"Gaz ( x ) funtzio matematiko-terminologikoa dagoela froga dezake * eta Ga ( x ) funtzio terminologikoan eragin osoa daukala ."
0,12,"Bi funtzio esponentzial hauen artean aplikazio bijektibo bat egongo da *"
0,13,"eta galizieraren terminologiaren sorrera moldatuko du ;"
0,14,"hau da * metodologia errealak falta direla utziko du agerian ."
0,15,"Erlazio horrek * bada * hiru modutako irtenbide terminologikoak ugaltzea ekarriko du : gaztelerakadak * & hiperenxebrismoak & * eta sorkuntza terminologikoa ."
1,16,"Arazo horren irtenbidea * beraz * batetik * bi funtzio horien arteko erlazio funtzionala onartzea izango litzateke * eta bestetik * ILG-RAG arauetako 4. printzipioan aipatutakoa onartzea *"
0,17,"bertan esaten denez * ezinbestekoa baita lusofoniako munduarekin lotu beharra"
0,18,"galizieraren terminologia sortzeko ."
0,19,"Galiziera-portugesaren hizkuntz diasisteman sartzea saihesteak * hartara * eragin nabaria sortuko du XXI. mendeko hizkuntza batentzat hain garrantzi handikoa den arlo terminologikoan ."
0,1,"Txinerarako terminologia-eraikitzaile automatizatua"
0,2,"Terminologia berria izan da edozein arlotako garapen azkarraren adierazlea * batez ere zientzien kasuan ."
0,3,"Horren ondorioz * edozein diziplina bizik arazo ugari izaten ditu"
0,4,"terminologia normalizatzean ."
0,5,"Asmatzen diren terminoak sistematikotasunez sortu behar dira *"
0,6,"esanahiari eta erabilerari dagokionean ezin dira anbiguoak izan *"
0,7,"arlo bereko pareko beste termino batzuekin koherenteak izan behar dute ."
0,8,"Hori guztia garrantzitsua da"
0,9,"eta horrela egiten dela ziurtatu behar da ."
0,10,"Hala ere *"
0,11,"hizkuntza handi batek ez badauka berdintasunik ( adibidez * kontinenteko Txinan * Taiwanen eta Hong Kongen erabiltzen den txinerak ) *"
0,12,"diziplina batean erabiltzen diren terminoak termino-banku baten bidez bateratu behar dira ."
0,13,"Termino-banku hori termino berriak erabiltzeko * biltzeko eta gordetzeko irizpideak ematen dituen erakunde batean egon beharko luke ."
1,14,"Komunikazio honen gaia izango da zelan jarri martxan terminoen asmatzaile automatizatu bat eta termino-banku baten zati osagai bilakatu ."
0,15,"Asmatzaile horrek datu-baseak erabiliko ditu * adibidez * dauden terminoen definizioen corpusak * arau sintaktikoen oinarria * lexikoiak ( teknikoak eta orokorrak ) * morfemen datu-baseak ( Yuan et al . * eskuizkribua ) * txinerako hitz-eraketarako arauak ( Lu 1975 ) ."
0,16,"Osagaiak hauek izango dira : egitura-aztertzaile bat * oinarritzat silabak hartzen dituen eraldatzaile bat"
0,17,"( letraldaketa egiteko )"
0,18,"eta asmatzaile bat ."
0,19,"LDOCE esperientzian Alshawi-k erabilitako kontzeptuari jarraitzea eta hitzen ingelesezko definizioekin lan egitea da oinarrizko ideia ."
0,20,"Definizio horien egitura-azterketatik gakohitzak ateratzen dira *"
0,21,"txinerara hitzez-hitzezko itzulpena egin ahal izateko ."
0,22,"Gero * txinerazko gako-hitzen itzulpenak asmatzailean prozesatzen dira *"
0,23,"txinerazko morfemen datu-baseak eta txinerazko hitz-eraketarako arauak erabiliz ."
0,24,"Ondorioa itzulpen alternatiboak izango dira *"
0,25,"gizaki adituek aukera dezaten ."
0,1,"Lanbide-Heziketarako baliabide terminologikoak ematea gutxi erabiltzen eta irakasten diren hizkuntzetan : VOCALL proiektua"
0,2,"VOCALL proiektua Europako Batzordeak sortu du Leonardo programaren babesean ."
0,3,"Proiektuaren helburua lanbide-heziketako ikasleentzako hizkuntza ikasteko baliabide batzuk sortzea da * informatika * bulego-lan eta elektronikaren esparruetan"
0,4,"eta * batez ere * gutxi erabiltzen eta irakasten diren hizkuntzetara zuzenduta * kasu honetan * irlandera * portugesa eta grekoa ."
0,5,"Gutxi erabili eta irakasten diren hizkuntzen kasuan * lexiko-banku eta terminologi bankuen moduko idatzizko baliabideak ez dira behar bezala garatu ikasleentzako laguntzatresna izan daitezkeen aldetik ."
0,6,"Eta hori gogoan hartuta * eta multimedia bidezko CALL izeneko halako egitura baten barruan * esparru horietako bitako termino teknikoekin glosario eleanitzak egin ditugu * partaideen hizkuntzetan ."
0,7,"Tresna hori * gaur egun oraindik prototipoa dena * proiektuko hizkuntza guztietarako berbera izango da *"
0,8,"eta hizkuntza nork bere kontura ikasteko tresna gisa merkaturatuko dugu * bai atzerriko hizkuntza ( 2 H ) ikasi behar dutenentzat * bai lehen hizkuntza ( 1 H ) ikasteko arazoak dituztenentzat ere * lanbide-heziketan eta aipatutako esparruetan * beti ere ."
1,9,"Artikulu honetan * terminologia eleanitza sortzeko metodologia bat proposatuko dugu *"
0,10,"orain arte izan ditugun esperientzietan oinarrituta ;"
1,11,"baina tresnaren beste alderdi batzuk ere azalduko ditugu ."
0,1,"Doppler efektua eta Ohm-en legea : aposizioa vs genitiboa fisikaren terminologian"
0,2,"Hizkuntza tekniko-zientifikoan * nahiko ugariak izaten dira zientzilari baten deitura + izen arrunta bezalako terminoak ."
0,3,"Osagai bien arteko lotura * euskaraz * bi modu desberdinetan gauzatzen dugu ."
0,4,"Alde batetik * hitz-elkartuen eremukoa den aposizioa deritzon baliabidea erabiltzen dugu * Doppler efektua adibidez *"
0,5,"eta bestetik genitiboaren bidez lotzen ditugu osagaiak * Ohm-en legea kasu ."
0,6,"Doppler efektua Doppler deitura zuen fisikariak ikertu eta aurkituriko efektu fisikoa da"
0,7,"eta Ohm-en legea Ohm deitura zuen fisikariak ikertu eta aurkituriko lege fisikoa dugu *"
0,8,"eta egia esan behar badugu *"
0,9,"gure ustez ez dago arrazoirik"
0,10,"Doppler-en kasuan modu batez eta Ohm-en kasuan beste era batez jokatzeko ."
0,11,"Aspaldian buruan biraka daukagun galdera hauxe da * beraz ;"
0,12,"zergatik kasu batzuetan aposizioa eta besteetan genitiboa ? *"
0,13,"zergatik asimetria hau ?"
0,14,"Bigarren osagaiak * hots * izen arruntak badu zerikusirik ?"
0,15,"Gaztelaniarekiko morrontza ote ?"
0,16,"Arazo honi buruzko argi-izpirik aurkitu nahian *"
1,17,"inguruko hizkuntzek nola jokatzen duten aztertu dugu *"
0,18,"nola edo halako ondoriorik ateratzeko asmoz ."
0,19,"Azterketa-eremutzat UZEIk argitaraturiko FISIKA HIZTEGIA hartu dugu *"
0,20,"euskara * gaztelania * frantsesa eta ingelesaren arteko azterketa konparatiboa burutu nahi izan dugula ."
0,1,"Toponimoen normalizazio lanetan geografiako terminologiak dituen arazoak"
0,2,"Eusko Jaurlaritzako Hizkuntza Politikarako Sailordetzako Ikerketa eta Informaziorako Zuzendaritzak eskatu zidan txosten baten edukian oinarritzen da * hain zuzen * Nazioarteko Terminologia Biltzarrean aurkeztu nahi dudan komunikazioa ."
0,3,"Donostian aurkeztu nuen txostena joan zen azaroan Euskararen Aholku Batzordearen baitan Toponimiako Batzorde Bereziak egindako lehenengo bileran ."
0,4,"Geografiako terminologia normalizatzeko premia * eta zehatzago esanda * toponimiarekin loturik dagoen terminologia normalizatzeko premia *"
0,5,"EAEko toponimia normalizatzeko lanak egitean"
0,6,"sortu zen * azken hamar urteotan Deustuko Unibertsitateko DEIKER Institutuak egiten diharduen lanen barruan ."
0,7,"Geografiaren normalizazioa egoera eskasean aurkitzen da EAEn eta Nafarroan *"
0,8,"gure inguruan egunero geografiako lexikoa erabiltzerakoan"
0,9,"ikus daitekeen anarkiak azaltzen duen moduan :"
0,10,"mapak * bideetako errotulazioa * testu liburuak * komunikabideak * etabar ."
0,11,"Bakoitzak bere aburuen araberako geografiako terminologia erabiltzen du *"
0,12,"eta horrela * egoera nahasia da * eta koherentziarik gabea ."
0,13,"Nazio Batuek geografiako izenen normalizaziorako 1967an Genoan egindako Lehenengo Biltzarrean gomendioak egin zituzten geografiako terminologiari buruz eta"
0,14,"glosarioak egiteko ."
0,15,"Entitate geografikoen izaeraren azterketari buruzkoa da 19 A gomendioa :"
0,16,"& Eskualde jakin batean entitate geografikoek izena badute *"
0,17,"entitate horien izaerari buruzko azterketei ekiteko gomendioa egiten da ; baita entitate horiek izendatzeko erabilitako hitzen esanahi desberdinei buruz ere ... &"
1,18,"Komunikazioan landuko ditugun alderdiak zehaztu baino lehen *"
1,19,"toponimo kontzeptuaren definizioa emango dugu *"
0,20,"geografiako terminoarekin duen loturari dagokionean ."
0,21,"Definizioz * toponimoa edo izen geografikoa hauxe da :"
0,22,"& izen propio bat da *"
0,23,"eta osagai espezifiko bat dauka * eta gehienetan * baita osagai komun edo orokor bat ere ."
0,24,"Entitate geografikoaren izaera"
0,25,"orokorrean hartuta"
0,26,"identifikatzen du azken osagai horrek *"
0,27,"eta osagai espezifikoak * aldiz * modu partikularrean identifikatzen du & ."
0,28,"Esate baterako * Peña de Anboto * Avenida Ramón y Cajal * Río Ibaizabal * Alto de la Horca ..."
0,29,"Toponimo definizioa bera da termino geografikoaren garrantzia ikusarazten diguna ;"
0,30,"are gehiago * toponimoen normalizazio lanetan bi bertsio proposatzen direla kontuan hartzen bada ( euskara eta gaztelera ) ."
0,31,"Horrek esan nahi du *"
0,32,"hala * oso goitik hartuta *"
0,33,"osagai orokorra itzuli egin daitekeela * eta osagai espezifikoa bat ere aldatu gabe utzi behar dela ."
0,34,"Adibidez * goian aipatutako toponimoak honela normalizatuko lirateke euskaraz : Anbotoko atxa * Ramón y Cajal etorbidea ( ? ) * Ibaizabal * La Horca gaina ( ? ) ."
0,35,"Jarraian zenbait gogoeta puntu aipatutako ditugu eskuetan darabilgun gai honen gainean :"
0,36,"1. - Ez dugu ezagutzen osagai orokor askoren esanahi zehatza : & alto & * & gaina & ( bortua * mendia * gailurra ... ) ."
0,37,"2. - & Normalizatutakoa & termino geografikoa edonola esleitzen da :"
0,38,"adibidez * Deustuko auzoan bi & etorbide & aurkitzen dira *"
0,39,"eta egia esan * ez lukete termino bera eduki behar :"
0,40,"Avenida Ramón y Cajal ( kalea ) eta Avenida Lehendakari Agirre ( etorbidea ) ."
0,41,"3. - Ez dago geografiako terminologia normalizaturik :"
0,42,"adibidez *"
0,43,"& avenida & terminoa itzultzeko"
0,44,"& ibilbidea & * & etorbidea & * & pasealekua & etab . erabiltzen dira * udal bakoitzaren arabera * edo"
0,45,"& pico & itzultzeko *"
0,46,"& gailur & * & haitzorrotza & * & haizpunta & * & mokorra & * & mokoa & * & punta & * & tontorra & ... ikerketa egin duen pertsonaren edo erakundearen arabera ( DEIKER * Elhuyar * Nafarroako Gobernua * Euskaltzaindia ... ) ."
0,47,"Aurkezpen horren ondoren * komunikazioak gai hauek hartuko ditu :"
1,48,"1. - Arazoen analisia & geografiako terminologiaren erabiltzailearen & ikuspuntutik ."
1,49,"2. - Toponimia normalizatzeko lanen barruan geografiako terminologia normalizatzeak daukan garrantzia eta hori egiteko dagoen premia ."
0,50,"Nazio Batuen gomendioak eta espezialistenak bilduko dira ."
1,51,"3. - Deustuko Unibertsitateko DEIKER Institutuak toponimia normalizatzeko lanetan termino geografikoari eman zaion tratamendua laburbilduko da ."
1,52,"4. - Ondorioak ."
1,53,"Galderak eta iradokizunak ."
0,1,"Fe-Al oinarritzat duten intermetalikoak"
0,2,"Azken urte hauetan industria desberdinek apostu sendo bat egin dute FeAl aleazioen garapenerako * bereziki aplikazio estrukturaletarako ."
0,3,"Izan ere * Audi enpresak 1994ean Neckarslum herrian Aluminioaren Zentrua eraiki zuen ( duela bost bat urte Aluminioa eta Eraikuntza Arina Diseinurako Zentrua izenez berbaitaiatua ) *"
0,4,"bertan konpaniaren ikonoa den A8 autoa sortuz ."
0,5,"Aleazio hauen ezaugarri handienetako bat da * egituraren edozein desberdintasuna edo aldaketa aleazioen portamolde magnetikoan zuzenean islatzen dela ."
0,6,"Horrela * nahikoa da mailu batekin * adibidez * apurtxo bat mailukatzea"
0,7,"seinale ferromagnetikoaren handipen bortitza gertatzeko ."
0,8,"Gainera * kontzentrazioaren aldaketa oso txikiek ezaugarri magnetikoaren aldaketa handiak eragiten dituzte ."
0,9,"Bereziki aipatzekoa da Fe70Al30 aleazio ordenatuaren inguruko aleazioen portamolde magnetikoa :"
0,10,"tenperatura jaistean"
0,11,"asetasun magnetizazioa"
0,12,"( handitu beharrean *"
0,13,"ferromagnetiko arruntetan gertatzen den bezala )"
0,14,"txikiagotu egiten da ."
0,15,"Portamolde hori *"
0,16,"duela hainbat urte lehen aldiz behatu arren *"
0,17,"oraindik ez da erabat ulertzen ."
0,18,"Ez da beraz harritzekoa * Fe-aberats diren FeAl aleazioak & froga-eremu & oso aproposatzat kalifikatuak izatea"
0,19,"magnetismoaren oinarrizko teoriak eta hipotesiak frogatzeko ."
1,20,"Talde honek FeAl sistemaren fase ordenatuetan zein aleazio horien desordenamenduaren ikerketan lan eskerga egin du"
1,21,"eta horretan dihardu ."
0,22,"Ikerketa horiek burutzeko esperimentuak zein kalkulu elektroniko autobateragarriak erabiltzen dira ."
0,23,"Esperimentuen alorrean fakultateko laborategietan ditugun : Mossbauer espektroskopia * mota desberdinetako neurketa magnetikoak * kalorimetria * X-izpiak etabar erabiltzen ditugu ;"
0,24,"halaber * nazioarteko neutroi zein sinkrotoi laborategi erraldoietako erabiltzaileak gara ."
0,25,"Arlo teorikoan kalkulu elektroniko autobateragarriak LMTO eta VAS P kodeen bidez * bereziki ."
0,26,"Ikerketa horren helburu nagusia jokamolde magnetiko arraro horien ulertzea da *"
0,27,"neurriko aluminiuroak diseina ahal izateko ."
0,28,"Material horien propietateak ( bereziki mekanikoak ) asko hobetu daitezkeenentz hirugarren elementu bat gehituz *"
0,29,"hirugarren elementu horren eragina ere sistematikoki ikertzen dugu ."
0,30,"Azken urte hauetan gai honekin loturiko 2 doktorego tesi irakurri dira :"
0,31,"- - Estibaliz APINAN IZ FDE Z de LARR INOA & Theoretical and experimental study of the relationship between structural and magnetic properties in Fe-Al alloys & Julio de 2003."
0,32,"- - Damian MART IN RODR IGUE Z & Estudio sobre la influencia del orden intermetalico en las propiedades magneticas de las aleaciones Fe-Al ricas en Fe & Febrero de 2007."
0,1,"Tektonika * sedimentazio eta fluido-ihesak Euskokantauriar arroko Ipar Ertzeko erdi Kretazeoan"
0,2,"Euskokantauriar Arroaren Kretazeo ertaineko ( orain dela 125-100 milioi urte ) bilakaera Bizkaiko Golkoaren irekitze-prozesuaren ondorioa da ."
0,3,"Garai hartan metaturiko sedimentuek erregistratu zituzten arroan izandako prozesuak eta kontrol nagusiak * besteen artean tektonika * sedimentazioa eta fluidoen ihesak ."
0,4,"Arroaren iparreko ertzean hiru prozesu hauen arteko erlazioa oso nabaria da *"
1,5,"eta erlazio honen azterketa da * hain zuzen ere * ikerketa-lerro honen xede nagusia ."
0,6,"Erregistro estratigrafikoaren ( arroken ) azterketaren bitartez interpretatu dira prozesu bakoitzaren ezaugarriak eta aldakortasuna ( espazioan eta denboran ) eta horien arteko harremana ."
0,7,"Orain arte eginiko azterketen arabera * tektonika da sedimentazioa eta fluido-ihesak kontrolatzen dituen prozesu nagusia ."
0,8,"Ikerketa-lerro honetan aurrera eramaten diren arloz-arloko azterketa eta erabilitako metologia nagusiak ondoren zehazten dira ."
0,9,"Egitura tektoniko sinsedimentario ugari ageri dira ikerketa-eremuan * failak zein tolesak ."
0,10,"Hauek ezaugarritzeko erabili diren metodologia nagusiak ondorengoak dira : kartografia * analisi estrukturala * eta metakin sintektonikoen datazioa eta fazie-analisia ."
0,11,"Metodo hauen bitartez jakin ahal izan da * besteak beste * egitura bakoitzaren adina *"
0,12,"jarduera nolakoa izan zen *"
0,13,"esfortzu tektoniko nagusien norabideak * eta eragin zuen deformazioaren ratioak ."
0,14,"Erdi Kretazeoko erregistro estratigrafikoa osatzen duten arroken azterketaren bitartez * ipar ertzeko unez-unezko paleogeografia ezagutzea dugu helburu * hots * garai hartako ingurune sedimentarioen ezaugarriak eta beren banaketa espaziala zehaztea ."
0,15,"Xede hau lortzearren erabili ditugun metodo eta teknika nagusiak ondokoak dira : zutabe estratigrafikoen altxaketa eta korrelazioa * fazie-analisia * paleokorronteen neurketa * karbonatozko mikrofazieen analisia * unitate estratigrafikoen bereizketa eta dataketa ( fosilak ) * eta arkitektura deposizionalaren zehaztea ."
0,16,"Itsaspeko sedimentuen baitatik fluidoek ihes egin zuten Kretazeo ertaineko zenbait alditan *"
0,17,"garaiko itsas hondo anoxikoan iturriak sortu zirelarik ."
0,18,"Iturriei zerien fluidoak"
0,19,"hidrokarburotan ( metano eta petrolio ) aberatsak zirenez"
0,20,"mikroorganismo kimiosintetikoek hidrokarburoen oxidazio anaerobikoa eragin zuten sulfatoaren erredukzioaren bitartez *"
0,21,"eta honen ondorioz karbonato autigenikoak hauspeatu ziren bertan ."
0,22,"Karbonato hauei lotuta"
0,23,"fauna kimiosinbiotikoen fosilak ( bibalbioak batez ere ) agertu dira ."
0,24,"Karbonato autigenikoen azterketa multidisziplinarraren bitartez interpretatu ahal izan da ihes egindako fluidoen eta fluxuen ezaugarriak zeintzuk ziren * hala nola fluidoen tenperatura * hidrokarburo-aberastasuna * hidrokarburo motak ( metano edo petrolio ) * hidrokarburoen jatorria eta fluxuen intentsitatea ."
0,25,"Aipatu"
0,26,"fluxu eta fluidoen ezaugarriak zehazteko"
0,27,"zenbait analisi mota egin ditugu karbonato autigenikoetan * esate baterako analisi paleontologikoak * petrologikoak * geokimiko inorganikoak ( karbono eta oxigeno isotopo egonkorrak ) eta geokimiko organikoak ( karbono isotopo egonkorrak ) ."
0,1,Ekosistemen osasunaren ebaluazioa
0,2,& Ingurumen Osasuna & paradigma 80. hamarkadaren amaieratik landu da .
0,3,Berriki * ingurumen toxikologian gertatutako funtsezko aurrerakuntzek paradigma hori deszifratzeko berebiziko garrantzia duten ekarpenak ekarri dituzte *
0,4,eta 2005. urtean Ingurumen Osasunaren Sareak ( Alemania-Kanada ) ikerketa-esparru honen lehentasunak ezarri zituen * besteak beste : ( a ) tresna bioanalitikoen ( biomarkatzaileak * biosaiakuntzak * biosentsoreak ) garapena * balidazioa eta aplikazioa ; ( b ) kutsatzaile kimiko berrien arriskuaren ebaluazioa ; ( d ) tresna analitiko berritzaileen ( genomika * proteomika ) balidazioa ; ( e ) toxikologia ( giza-osasuna ) eta ekotoxikologiaren ( ingurumen osasuna ) arteko bateratze kontzeptual eta metodologikoa ; eta ( f ) zientifikoki lortutako datuen eta politika arautzaileen arteko harmonizazioa .
0,5,BZIT taldea *
0,6,Ingurumen Osasunaren paradigma horren aurreratzean
0,7,partehartzaile aktiboa da nazioarte mailan .
1,8,80. hamarkadaren hasieratik * gure taldeak kutsatzaileen efektu biologikoak ikertu ditu lehorreko zein uretako ekosistemetan *
0,9,osasun terminoetan norbera beren ekosistemaren ordezkariak diren itu-espezie zentineletan hurbilketa kontzeptual zein metodologiko beretsuak ( biomarkatzaileak + biosaiakuntzak + kimika bioanalitikoa ) aplikatuz .
0,10,Itsas-ekosistemen osasunaren ebaluazioa :
0,11,Abra ( 1991-93 ) eta Urdaibaiko ( 1991-94 ) itsasadarretan jarraipen-programa aurrendariei ekin zitzaien .
0,12,1998 geroztik * ingurumen osasunaren ebaluazioa
0,13,( muskuiluak eta arrainak espezie zentinela gisa erabiliz )
0,14,Ipar Itsasoan eta Mediterraneoan ( XENO FISH * 1998-1999 ; BEC PELAG * 2002 ; BEEP * 2001-04 ; WCM * 2004 ) nazioarteko proiektu / kontratuen barruan burutu da .
0,15,2000. urteaz geroztik * Abra itsasadarraren inguruan kokatuta dagoen birfindegi baten hondakin-isurketaren inpaktu biologikoa ikertzen ari da ( Petronor kontratua ) .
0,16,Prestige ontziaren fuel-olio isurketaren ondoren * Portugaletik Euskal Herrirainoko 22 tokitan ( 2003-06 ) zein laborategi-esperimentuetan * eragindako inpaktu biologikoa ebaluatu zen
0,17,muskuilu eta arrainak ( bokarta * legatza eta korrokoia ) zentinela / esperimentazio-eredu gisa erabiliz ( IMPRES ; PRESTE PSE ) .
0,18,Ikerketa hori * laborategi-esperimentu ( PRAG MA ; 2006-07 ) zein martxan dauden zelai-ikerketekin ( PREST IMES ; 2008 ) osatzen ari da .
0,19,Are gehiago * jarraipen-kanpainek aurrera darraite Euskal kostaldean ( IMPRES II ; 2006-08 ) *
0,20,etorkizunean ustekabeko isurketen aurrean erreferentzia-balioak izan daitezkeenak ezartzeko asmoz
0,21,baliagarriak diren balio basalak erdiesteko *
0,22,kutsadura kronikoaren efektua ebaluatzeko
0,23,eta ingurumenaren gaineko erabakiak hartu behar dituztenentzat ( Water Framework Directive * European Marine Strategy ) erabilgarriak izan daitezkeen jarraipenerako teknologia berriak ezartzeko * hain zuzen ere .
0,24,Lurzoru-ekosistemen osasunaren ebaluazioa :
0,25,80. hamarkadaren hasieran * lurzoruko organismoen ( bareak ) gaineko kutsatzaileek duten efektua aztertu zituzten laborategi-ikerketek * gure ikerketa-jardueraren hastapena markatu zuten .
0,26,Ondoren * hastapen horien zelai-ikerlanik garrantzitsuenak 1994.urtean gauzatu ziren *
0,27,Galeseko mehatze-aldeak eta Azoreetako sumendi-aldeak gune esperimental gisa erabiliz ( PRA XIS XXI * 1996-99 ) .
0,28,Ondorioz * BERR ILUR
0,29,( 2003-jarraitzen du )
0,30,proiektu estrategikoa eta PACAR I ( 2006-2009 ) gisako proiektuen testuinguruan zelai-ikerketa aktiboagoei ekin zitzaien ;
0,31,bareak eta lur-zizareak zentinela / esperimentazio-eredu gisa erabiliz .
0,32,Gure ikerketa-ahalegin nagusiak * batetik * zientifikoki lortutako datuen eta politika arautzaileen ( Lurzoruen Babeserako Legea ) arteko harmonizatzea eta * bestetik * kutsadura kronikoak lurzoru - ekosistemen osasunaren eta bere ebaluazioaren gaineko ondorioak ulertzea ditu helburu .
0,33,Ekosistemen osasuna eta krisi klimatikoa .
0,34,Krisi klimatikoak eragiten dituen arriskuen gainean sorrarazitako kontzientziazioa dela eta *
0,35,ekosistemen osasunaren * kutsadura kimikoaren * eta baldintza klimatikoen eraldaketa antropikoek sorrarazitako mehatxuen ( lokalak zein globalak ) arteko elkarrekintzak ikertzen ari gara gaur egun ( K-EGOKITZEN * 2007-09 ) .
0,1,"Genetika eta ingurugiroaren eragina gizentasun fenotipoetan"
1,2,"Gizentasuna * gorputzean gantz gehiegi izatean datzan osasun arazo bat da ."
0,3,"Honen erroan denboran zehar mantendutako balantze energetiko positiboa aurki dezakegu ."
0,4,"Azkenaldian * hazkunde nabaria izan du giza populazio askotan *"
0,5,"batez ere gehiegizko elikadura eta jarduera fisikoaren ezak eraginda ( bizimodu sedentarioa ) ."
0,6,"Ikerkuntza lerro honen helburuetariko bat * obesitatearekin erlazionatutako ezaugarrietan ( antropometrikoak * fisiologikoak eta biokimikoak ) jaraunspenezko eskualdaketen patroiak ezagutzea da ."
0,7,"Honez gain * obesitatean parte hartzen duten mekanismo molekularren ezagutzan sakontzea dugu xede *"
0,8,"horretarako bi jarduera lerro jarraituz :"
0,9,"1. G izentasun fenotipoen zehaztapena Euskadiko populazioan eta ijito etniako familietan ."
0,10,"2. G izentasunarekin asoziazioa edo ligamendua erakusten duten geneak identifikatzea ijito etniako familietan eta Euskadiko populazioan *"
0,11,"asoziazio eta ligamendu analisiak erabiliz ."
0,12,"Ikerketa hauetan nuklear familiak ( gurasoak eta seme-alabak ) eta konplexuagoak diren pedigriak aztertzen dira ."
0,13,"Halaber * jadanik obesitatea diagnostikatua duten indibiduoak ikertzen dira *"
0,14,"afekziorik gabeko baina beste ezaugarri guztientzat ( sexua * adina * maila sozioekonomikoa ... ) antzekoak diren subjektuekin alderatuz ."
0,15,"Efektu genetiko eta anbientalak hainbat ezaugarrietan ebaluatzeko helburuarekin *"
0,16,"bariantza deskonposaketaren analisi unibariatuan oinarrituta dauden programa informatiko espezifiko batzuk ( MAN - 6 * SOLAR ) erabiltzen dira ."
0,17,"Metodologia honek * ezaugarrien bariantza hainbat osagaietan zatitzea ahalbidetzen du : genetikoak ( VAD ) * anbiental orokorrak ( VSP * VHS * VSB ) eta hondarrak ( VRS ) ."
0,18,"Eredu unibariatu orokorra ekuazio lineal honekin adieraz daiteke : VPH = VAD + VSP + VSH + VSB + VRS ."
0,19,"Ezaugarri pareetan fenotipoaren kobariaketa zehazteko *"
0,20,"beste 5 parametro kalkulatzea beharrezkoa da ( RAD * RSP * RHS * RSB y RRS ) *"
0,21,"bariantza deskonposaketaren analisi bibariatua erabiliz ."
0,22,"Genotipoari dagokionez * lehendabizi obesitatearekin erlazionaturiko erregio kromosomikoak identifikatzeko eta bibliografian deskribaturiko beste erregio batzuen erlazioa egiaztatzeko ligamendu analisi bat egiten da ."
0,23,"Honetarako *"
0,24,"350-400 loci mikrosatelite genotipatuz *"
0,25,"genoma osoa aztertzen da ."
0,26,"Analisi honetan lortutako informazioarekin * obesitatearen gaitzikortasunean eragina izan dezaketen geneak identifikatzen dira *"
0,27,"beraien funtzioa dela medio ."
0,28,"Gene hauetan * eta beste populazioetan asoziazioa eman duten geneetan * SN Pak hautatzen dira *"
0,29,"asoziazio analisietan markatzaile modura erabiltzeko ."
0,30,"Aukeratutako SN Pen genotipaketa * SN Plex teknologiarekin egiten da *"
0,31,"teknologia honek lagin askotan SN P askoren analisia ahalbidetzen baitu ."
