0,1,"Peptido eta proteinak garraiatzeko mikro eta nanopartikula biodegradagarriak ."
0,2,"Azken urteetan * kapsularatzea alternatiba garrantzitsua bilakatu da proteina eta peptidoen askapen sistema bezala ."
1,3,"Gure ikerkuntza taldeak jorratzen duen alorretako bat bioteknologia prozesu bidez lortutako produktuen mikrokapsularatzea da ."
0,4,"Teknika hau * izaera polimerikoa duten partikula biodegradagarrietan barneratzean datza ."
0,5,"Gaur egun * malariaren antigeno sintetikoak * immunoezabatzaileak * DNA * hazkuntza faktoreak eta entzimen kapsularatzean murgilduta gaude * bai tamaina mikrometrikoa duten partikulen prestakuntzan * baita tamaina nanometrikoko partikulekin ere ."
0,6,"Partikulen eraketa eta karakterizazioa :"
0,7,"Orokorrean * mikro - eta nanopartikulak emultsio bikoitz - disolbatzailearen erauzketa / lurrunketa metodoaren bidez prestatzen ditugu ."
0,8,"Lortutako partikuletan ondoko ezaugarriak aztertzen dira :"
0,9,"- Tamaina eta Zeta potentziala :"
0,10,"mikrometro mailako tamaina neurtzeko *"
0,11,"Coulter & Counter LS 130 laser difrakzioan oinarritzen den tresna erabiltzen da ."
0,12,"Aldiz * nanometroen eremuan Malvern & Zetasizer 3000 tresna erabiltzen dugu ."
0,13,"Zeta potentzialari esker partikulen gainazal-karga neurtzen da ."
0,14,"Partikulen gainazal ezaugarriak aztertzeko"
0,15,"mikroskopia elektronikoa erabili ohi da ."
0,16,"- Kapsularatze prozesuaren eraginkortasuna :"
0,17,"partikuletan zenbat produktu kapsularatu den aztertzeko"
0,18,"microBCA & teknika erabiltzen dugu ."
0,19,"Beste batzuetan * ELISA edo HPLC bezalako teknika sentikorragoak erabili behar izaten dira ."
0,20,"- In vitro askapen-entseguak :"
0,21,"molekula aktiboak in vitro nola askatzen diren ikertzeko"
0,22,"denbora tarte jakinetan laginak hartu eta askapen profila lortuko dugu micro BCA & kit-arekin"
0,23,"edo ELISA teknika bidez printzipio aktiboa neurtu ondoren ."
0,24,"Beste zenbait kasutan * hazkuntza zelular teknikak erabiltzen ditugu"
0,25,"molekulen bioaktibitatea aztertzeko ."
0,26,"Kasuan kasu * kapsularatzen den biomolekulari hobe doitzen zaion egonkortasun entsegua burutuko da ( poliakrilamida gel elektroforesia * teknika kromatografikoak * e.a. )"
0,27,"biomolekularen aktibitatea kapsularatze prozesuan kaltetua ez dela zihurtatzeko ."
0,28,"In vivo entseguak :"
0,29,"Partikulen ezaugarri fisikoak aztertu ondoren *"
0,30,"in vivo entseguaetara pasatzen gara ."
0,31,"UPV-EHU barneko edo kanpoko laborategiekin elkarlanean * gaixotasun desberdinetako animalia ereduak erabiltzen ditugu *"
0,32,"gaixotasunaren fisiopatologiara hurbilduz ."
0,1,"Nanopartikula magnetikoen bidezko hipertermia teknika terapeutiko bilakatzea ."
0,2,"Ikerketa arlo desberdinetako taldeak bildu gara anbizio handiko proiektu baten inguruan ;"
1,3,"hots * nanopartikula ( NP ) magnetikoen bidez minbizi-ehunen ablazioa lortzea da proiektuaren helburua ."
0,4,"Terapia hau garatzeko"
0,5,"kolon-ondeste minbiziak eragindako gibeleko metastasietara aplikatuko da ."
0,6,"Izan ere * kolon-ondeste minbizia prozesu neoplasiko arruntenetakoa da mendebaleko gizartean ( birikako eta bularreko minbizien atzetik )"
0,7,"eta gaixoen ehuneko handi batean gibeleko metastasiak eragiten ditu ."
0,8,"Gainera * gaixoen ehuneko handi batean * %70a baino handiagoan * gibeleko metastasia ezin daiteke erauzi ."
0,9,"Beraz * tumorren aurkako terapia ez erasokorrak garatzea oso garrantzitsua da ."
0,10,"Dagoeneko bide honetan lana aurreratuta daramagu ."
0,11,"Izan ere *"
0,12,"honelako terapia bat garatzeko"
0,13,"honako urrats hauek burutu behar dira :"
0,14,"1 ) Ehun neoplasikoen ablazio temikoa sortzeko gai diren NP magnetiko funtzionalizatuak sintetizatzea eta ezaugarritzea ."
0,15,"2 ) Laborategiko animalietan ehun neoplasikoa sortzea"
0,16,"3 ) Nanopartikula magnetikoak barne dituen jariakina garatzea eta ehun neoplasikoan inokulatzea *"
0,17,"NPen kokapena ondo monitorizatuz ."
0,18,"4 ) Erradiomaiztasuneko eta anplitude handiko eremu magnetikoak ekoizten duen tresna eraikitzea"
0,19,"minbizi ehunen ablazioa lortu ahal izateko *"
0,20,"horien ondoko ehun osasuntsuak kaltetu gabe ."
0,21,"Bide honetan dagoeneko hainbat urrats eman ditugu ."
0,22,"Lehen puntuari dagokionez * gai gara azido oleikoz inguratutako magnetitako ( Fe3O4 ) nanopartikula magnetikoak sintetizatzen ."
0,23,"Sintetizatzen ditugun NPen neurria oso kontrolatua da ."
0,24,"Izan ere * orain arte egindako esperimentuetan erabilitakoak 3-7 nm-koak izan dira * eta dispertsio maila = 0.4 nm ."
0,25,"Bigarren puntuari dagokionez * WAG / RijCrl motako arratoietako gibeletan neurri desberdineko metastasiak sortu ditugu *"
0,26,"eta arlo honetan gure taldeak esperientzia handia du ."
0,27,"Hirugarren puntuari dagokionez * jariakin magnetiko bat garatu dugu ."
0,28,"Garaturiko jariakinean magnetitako NPk lipiodolean disolbatzen dugu ."
0,29,"Inokulaturiko NPen kokapena jarraitzeko teknika desberdnak erabiltzen ditugu * bereziki erresonantzia magnetiko bidezko irudiak ( MRI ) eta ICP-MS espektroskopia ."
0,30,"Erradiomaiztasuneko eremu magnetikoak sortzen dituen tresna oso aurreratuta dago ere ."
0,31,"Anplitude txikiko tresna dagoeneko martxan daga *"
0,32,"baina"
0,33,"ablazioa errasago lortzeko"
0,34,"anplitude handikoa hobe da *"
0,35,"horrela inokulaturiko NPen kopurua txikiagoa baita ."
0,36,"Diseinu berri baten bidez * eskaera hori beteko duen tresna diseinatu eta eraikita dago ."
0,37,"Egokipenetan gaude ;"
0,38,"beraz * aurki & in vivo & lehen ablazio esperimentuak saiatzeko prest egongo gara ."
0,1,"Sistema peptidikoen erregulazioa gizakiaren ugalketa eta minbizian ."
0,2,"Peptido bioaktiboak oso molekula garrantzitsuak dira zelula arteko komunikazioan ."
0,3,"Neuromodulatzaile * hormona edo bitartekari zelular bezala jokatuz"
0,4,"ugalketa * garapena eta proliferazio zelularra bezalako prozesuetan parte hartzen dute ."
1,5,"Gure ikerketa taldearen lana prozesu hauen erregulazio peptidikoaren ezagutzan oinarritu da ."
0,6,"Gaur egun hurrengo azpilerro eta helburuak ditugu :"
0,7,"1. Sistema opioidea eta gizonezkoen ugalketa :"
0,8,"Gizonezkoen ugalkortasunaren balorazio klinikoa haziaren hainbat neurkari morfologiko eta funtzionalen azterketaren bidez egin ohi da ."
0,9,"Hala ere * gutxi da oraindik * maila molekularrean * giza haziaren fisiologiaren erregulazioari buruz dakiguna ."
0,10,"Gure taldeak beste ehun eta sistema fisiologiko batzuetan garrantzia daukaten komunikazio sistema garrantzitsu batzuk aztertzen ari da *"
0,11,"horietako bat sistema opioidea da ."
0,12,"Nerbio Sistema Zentralaren hainbat prozesuetan * minaren erregulazioa adibidez * opioideei inplikatu ohi zaie ."
0,13,"Gure lanetan * espermatozoideen fisiologian * euren mugikortasun eta abiaduran adibidez * eragin erabakiorra izan dezaketen substantziak direla frogatu dugu ."
0,14,"2. Errenina-angiotentsina sistema ( RAS ) lokalak eta minbiziak :"
0,15,"Gaur egun ezarrita dago gorputzeko ehun ezberdinek lokalki RAS-ren osagai guztiak ekoizteko gai direla ."
0,16,"Ekintza parakrino * autokrino zein intrakrinoz * angiotentsinek zelula proliferazioan parte har dezaketela adierazi da *"
0,17,"RAS-aren asaldurak prozesu neoplasikoetan eragina izan zezaketela proposatuz ."
0,18,"Gure bigarren azpilerroa giltzurrun barneko RAS-ren osagai ezberdinen adierazpena ikertzen ari da giltzurruneko minbizi ezagunenetan *"
0,19,"epe erdian ikerketa beste minbizi ezberdinetara zabalduko delarik ."
0,20,"RAS-ak minbizian izan zezakeen eragina ezagutzeaz gain *"
0,21,"taldearen helburua tumore ezberdinen diagnostiko * pronostiko eta tratamenduetarako itu ezberdinak aurkitzea da"
0,22,"RAS-aren osagaiak oinarritzat hartuz ."
0,1,"Ingurumenaren kudeaketarako enpresa-autorregulaziorako ekimenak Europar Batasunean : EMAS erregelamenduaren hedapenaren analisia ."
0,2,"Ekonomi eta enpresa-jardueran ekimen ugari izan dira azken hamarkadetan ingurumenaren kudeaketari buruz ."
0,3,"Kontzeptu horrekin izendatu nahi izan dira mota askotako ingurumen-jarduketak * esaterako * ekoizpen prozesuen kontrola eta kudeaketa hobetzea * edota Ingurumena Kudeatzeko Sistema ( IKS aurrerantzean ) izenekoak ezartzea ."
0,4,"IKSak ingurumenaren kudeaketarako enpresa-autorregulaziorako ekimen gisa definitu izan dira ."
0,5,"IKS horiek ezartzeko eta ziurtatzeko *"
0,6,"nazioarteko erreferentzia-ereduak hartu ohi dira oinarri ."
0,7,"Nazioartean eredurik zabalduenak ISO 14001 estandarra eta Europar Batasuneko EMAS erregelamendua ( Ingurumen Kudeaketako eta Ikuskaritzako Sistema ) dira ."
1,8,"Artikulu honen helburua Europar Batasuneko EMAS ereduaren analisi deskribatzaile eta xehatua egitea da ."
0,1,"Euskarazko kultur industrien lokalizazioa berrikuntza sozialaren ikuspegitik ."
0,2,"Margin Ugalde Kultur Parkearen kasua ."
1,3,"Lan honetan Martin Ugalde Kultur Parkea aztertu da lurraldea * berri-kuntza eta kultura elkarloturik aztertzen dituzten teoria ekonomikoen argitan ."
0,4,"Lurralde-garapenari buruzko teoriak eta berrikuntza sozialaren kontzeptua dira"
0,5,"Parkearen errealitatera hurbiltzeko"
0,6,"baliatu diren marko teorikoak ."
0,7,"Teoria horiek kultur industrien esparruan aplikatu nahi izan dira *"
0,8,"kontuan hartuz Parkeak kultur industrien lokalizazio-estrategien artean ezaugarri bereizgarri bat baduela :"
0,9,"hizkuntza gutxitu batean diharduten ( eta eragin nahi duten ) erakunde kulturalen bilgune izatea * alegia ."
0,10,"Parkeko eragileekin burututako landa-lanaren emaitzak aztertuta *"
0,11,"Parkea berrikuntza sozialaren adibide argia izateaz gainera *"
0,12,"lurralde-garapenerako esparru estrategikotzat jotzeko behar beste elementu badituela ondorioztatu da ."
0,1,"Tokiko ekonomia-gobernantza berrikuntza sozialaren begiradatik ."
1,2,"Lan honen helburu nagusia berrikuntza sozialaren teoriak tokiko ekonomia-garapenari eskaintzen dion balio erantsia aztertzea da ."
0,3,"Batik bat tokiko garapenean parte hartzen duten eragileen arteko trukeek eta ekinbide kolektiboak tokiko garapen horretan duten ekarpena izango da aztergai ."
0,4,"Berrikuntza sozialaren kontzeptu zabala tokiko garapenaren ikuspegitik zedarritzen eta mugatzen saiatuko gara lehenik eta behin ."
0,5,"Berrikuntza sozialaren komunitate-oinarriak kapital sozialaren eta instituzionalaren eta harreman-kapitalaren garrantzia azpimarratzen du"
0,6,"eta giza garapenaren kontzeptura hurbiltzen du berrikuntza soziala ."
0,7,"Berrikuntza sozialak tokiko gobernantza-ereduaren eraldaketa eta berrikuntza bere estrategiaren erdigunean jartzen du"
0,8,"eta hein berean erakunde publikoen funtzio eraberritua aldarrikatzen du ."
0,9,"Sozialki berritzaileak diren lurraldeen errealitatea aurkeztuko dugu ondoren *"
0,10,"lurralde horien eraikuntzarako oinarriak aztertuta ."
0,1,"Multifuntzionaltasuna eta baso-eredu produkti-bistaren krisia ."
0,2,"Funtzio ekologikoak Bizkaiko baso-politikan ."
0,3,"Multifuntzionaltasunean oinarrituriko kudeaketan * basoak * gizarteari ondasun eta zerbitzu ugari eskaintzeko gai diren ekosistema konplexutzat hartzen dira ."
0,4,"Ikuspegi berri honetan * produkzio-funtzioarekin batera * funtzio ekologikoak eta aisialdiari loturikoak ere aintzakotzat hartzen dira ."
0,5,"Horrek * era berean * erronka handiak ezartzen dizkio baso-politikari *"
0,6,"zeren ingurumenari eta aisialdiari loturiko aldagaiak kontuan hartzera behartzen baitu ."
1,7,"Lan honen helburua *"
0,8,"ekonomia ekologikoak eta instituzionalismoak eskainitako ikuspegian oinarrituz *"
1,9,"Bizkaiko baso-sektorearen egoera analizatzea eta bertako baso-politikan funtzio ekologikoek hartzen duten garrantzia aztertzea izan da ."
0,10,"Emaitzei dagokienez * alderdi hauek nabarmendu daitezke :"
0,11,"( i ) jabetzaren egiturak determinatzen du Bizkaiko baso-eredua ;"
0,12,"( ii ) merkatu-mekanismoek ez dutenez aukerarik eskaintzen"
0,13,"multifuntzionaltasuna bultzatzeko *"
0,14,"beharrezkoa da Administrazioaren esku-hartzea"
0,15,"eta ( iii ) baso-politikak * edozein esparrutan gauzatzen delarik *"
0,16,"produkzio-funtzioa lehenesten jarraitzen du ."
0,1,"Sailkapen-analisia aldagai hertsiak eta irekiak batera tratatuz ."
0,2,"& EHUdenda & inkesta euskaraz erantzun zutenen kasua ."
1,3,"Artikulu honen helburua estatistika esploratzaile anizkoitzaren aplikazio aurreratu bat aurkeztea da ."
0,4,"Alde batetik * faktore-analisiak eta sailkapen-analisiak osagarri gisa erabiltzen dira"
0,5,"baina * beste alde batetik *"
0,6,"taula anizkoitzen kasuan kokaturik *"
0,7,"izaera desberdina duten taulak batera aztertzen ditugu"
0,8,"aldagai hertsiak eta irekiak edo testualak batera tratatuz ."
0,9,"Aplikazioa merkatuen ikerketaren arloan kokatzen da"
0,10,"eta On-Line inkesta elebidun baten azpimultzo baterako garatzen da ."
0,1,"Bronkiektasia eta BGBK duten pazienteetan Pseudomonas aeruginosaren kolonizazio-infekzioa ."
0,2,"Bronkiektasiak ( fibrosi kistikoa ) edo Biriketako Gaixotasun Butxatzaile Kronikoak ( BGBK ) - Pseudomonas aeruginosa bidezko kolonizazio edo Infekzioarekin - dituzten pazienteen ezaugarri epidemiologiko * kliniko * mikrobiologiko eta ebolutibo jakin batzuk ezagutzea ."
1,3,"Arnas hartzeko arazoak dituzten 39 paziente kroniko aztertu dira ;"
0,4,"1998an iritsi ziren gure zentrora"
0,5,"eta P. aeruginosa isolatu zen haien kerruan ."
0,6,"Besteak beste * parametro klinikoak * epidemiologikoak eta mikrobiologikoak analizatu ziren ."
0,7,"Era berean * sentikortasun antimikrobianoa eta tipo genetikoak ere zehaztu ziren ."
0,8,"23 pazienteren segimendu kliniko eta mikrobiologikoa egin zen urtebetez ( azterketa genetikoa barne ) ."
0,9,"24 pazientek bronkiektasiak zituzten ( 1998an ingresatuko %12k ) ; 15 pazientek * BGBK ."
0,10,"Paziente guztiek butxadura-maila handiak zituzten arnasbideetan ( FEV1 < %45 ) ."
0,11,"22 pazientek ( %56 ) arnas gutxiegitasun kroniko zuten ."
0,12,"Aztertutako 42 anduietatik"
0,13,"( 3 pazientek 2na andui zituzten ) *"
0,14,"14 mukizkoak ziren eta 28 ez-mukizkoak ."
0,15,"Antibiogramak erresistentzi maila apala erakusten du Amikazina ( %0 ) * Tikarzilina ( %5 ) * Imipenem ( %13.3 ) eta Gantamizinarekiko ( %14.2 ) ."
0,16,"Eboluzioan zehar * pazienteen %74ek antimikrobiano bat edo gehiagorekiko erresistentziak garatu dituzte ."
0,17,"Eboluzio klinikoari dagokionez * heriotza-tasa %38koa izan da urtebetean ."
0,18,"Kasuen %20an bakarrik lortu da P. aeruginosa behin betiko ezabatzea ;"
0,19,"%66ean mikroorganismoak iraun egin du"
0,20,"eta %13.3an berragertu egin da"
0,21,"itxuraz ezabatua izan ondoren ."
0,22,"Azterketa genetikoak erakusten duenez *"
0,23,"pazienteen %82k klon bakar bat dute ;"
0,24,"klon hori da * oro har * irauteko joera duena * aldagai subzionalekin kasuren batean edo beste ."
0,25,"Genetikoki aztertutako 41 pazienteetatik * 29k ( %70 ) klon propioa dute ( esklusiboa )"
0,26,"eta 12k ( %29 ) paziente batekin edo birekin gehienez elkarbanatzen dute berea ."
0,27,"Kerruan identifikatutako P. aeruginosa eta ondesteko frotisekoa berberak dira"
0,28,"mikroorganismo hori bi laginetan identifikatu zen kasuen ( 10 kasu ) %90ean ."
0,29,"P. aeruginosa bidezko kolonizazio-infekzioak bronkio-gaixotasun kronikoak dituzten pazienteei eragiten die"
0,30,"eta haien eboluzioa korapilatzen du ;"
0,31,"horrek heriotza-tasa handitu"
0,32,"eta ospitaleko ingresu berrien kopurua areagotzen du ."
0,33,"Pseudomonak tratamendu antibiotikoa izan duten pazienteetan irauteko gaitasuna du ."
0,34,"Azterketa genetikoen arabera * Pseudomona bera da irauteko joera duena ;"
0,35,"beraz * sentikortasun antimikrobianoaren etengabeko aldaketa ebolutiboak ez daude * oro har * geruza berrien mende ."
0,36,"Paziente gehienek ez dituzte klon berdinak elkarbanatzen ;"
0,37,"ondorioz * ez dirudi infekzio-iturri komun bat dagoenik * salbuespenak salbuespen ."
0,1,"Estomatitis Aftosa Recurrente ( I ) : Epidemiologia * etiopatogenia eta aspektu klinikopatologikoak ."
0,2,"& Estomatitis aftosa recurrente & deritzon patologia * ahoan agertzen den ugarienetako bat da ."
0,3,"Honen etiologia eztabaidagarria da ."
0,4,"Ultzera mingarri batzu bezela agertzen da *"
0,5,"tamainu * kokapena eta iraunkortasuna aldakorra izanik ."
0,6,"Hauek periodiki beragertzen dira ."
1,7,"Lan honetan patologia arrunt honetan ezaugarri epidemiologiko * etiopatogeniko eta klinikopatologiko garrantsitsuenak analizatzen ditugu ."
0,1,"Garapen azkarreko dementzia eta miokloniak ."
0,2,"Zenbait Zerbitzutan oso ohikoak izaten dira narriadura kognitiboa dakarten prozesuak ."
0,3,"Gehientsuenetan * endekapenezko dementziekin daude loturik ."
0,4,"Gaitzak bizkor aurrera egiten badu * beraz *"
0,5,"alde batera utzi behar dira beste prozesu guztiak ."
0,6,"Emakume gaixo baten kasua dugu ."
0,7,"Bere gorputzaren ohiko funtzionamendua narriatu delako"
0,8,"dago ospitalean ."
0,9,"Miokloniak eta elektroentzefalograma bat antzeman zaizkio ;"
0,10,"azken hori * gainera * Creuzfeldt-Jakob gaixotasunarekin bateragarria da * besteak beste ."
0,11,"14-3-3 proteinaren azterketa egin zaio *"
0,12,"eta emaitza positiboak lortu dira ."
0,13,"OMEren eta entzefalopatia espongiformeen Zaintzarako Europako Taldearen sailkapen-irizpideen arabera * kasu honek & gertagarri & ezaugarriak betetzen ditu ."
0,14,"& Gertagarri & diagnostikatu *"
0,15,"eta 2 urte baino gehiago bizirik iraun duenez *"
0,16,"badirudi diagnostikoa ez dela egokia ."
1,17,"Diagnositestak eta positibo faltsuak gainbegiratu ditugu ."
0,18,"Horien artean * honako hauek dira nabarmentzeko modukoak : berriki izandako garuneko baso-gaixotasuna * entzefalitis birikoa * glioblastoma * garun-metastasiak eta garuneko kalte hipoxikoa"
0,1,"& Basal like & fenotipo tumoralak ( c-erb-B 2 - * RE - eta RP - negatiboa ) biologikoki oso erasokorra den bularreko minbiziaren azpitalde bat definitzen du * kirurgia ondoko pT 1 egoeran ."
0,2,"Ikerketa berriek *"
0,3,"& micorarrays & teknika erabiliz *"
0,4,"pronostiko txarra duen bularreko minbiziaren azpitalde bat hauteman dute ."
0,5,"Tumore horiek ez dituzte hormona hartzaileak eta c-erb-B 2 onkogenea adierazten ; eta bai * ordea * epitelio basaleko geruzaren zelulei dagozkien kitokeratinak ."
0,6,"Horren ondorioz * tumore fenotipo horri & basala & esaten zaio ."
1,7,"Lan honetan fenotipo basala aztertzen dugu * kirurgia ondoreko pT 1 egoeran dauden bularreko minbizi goiztiarretan ."
0,8,"Haien sailkapena egiteko"
0,9,"hormona hartzaileen eta c-erb-B 2 onkogenearen gabeziaz baliatu gara *"
0,10,"ikerketa anatomopatologikoetan erabili ohi diren zehaztapenak direlako ."
0,11,"Guztira * foku bakarreko 442 bularreko minbizi aztertu dira * pieza histologikoan ( pT 1 ) 2 cm edo gutxiago dituztenak ."
0,12,"Guztiak 1993ko urtarrilaren eta 2005eko abenduaren artean operatu ziren ."
0,13,"Horien artetik * 369 NOS kartzinoma duktal iragazkorrak izan ziren *"
0,14,"eta horiexek baino ez dira aztertu ."
0,15,"369 horien artetik * berriz * 346 kasuei dagozkien datu inmunohistokimiko osoak ditugu ( RE * RP * c-erb-B 2 * p53 eta Ki67 )"
0,16,"eta horiek dira * hain zuzen ere * amaierako azterketan sartu ditugunak ."
0,17,"Gure parametroen arabera definitutako fenotipo & basala & korrelazioan jarri zen nabarmenki p53 mutatuaren agerpenarekin ( p = 0.0001 ) 3. gradu nuklearra ( p < 0.0001 ) * eta %60 edo hortik gorako Ki67 agerpen ehunekoarekin ;"
0,18,"bestalde * korrelazioa oso txikia izan zen 3. gradu histologikoarekin ( p = 0.045 ) ."
0,19,"Ganglioen inbasioarekin ( p = 0.51 ) ez zen korrelazio gradurik hauteman ."
0,20,"Kitokeratina basalak zehaztu gabe daudenez *"
0,21,"txosten anatomopatologikoetan erabili ohi diren parametroen bidez & basal-like & tumoreen azpitaldea hauteman dezakegu * gaitzaren egoera oso goiztiarrean ."
0,22,"Azpitalde hori biologikoki oso erasokorra izan ohi da ."
0,1,"Hipertentsio arterialaren ikerketa farmakoepidemiologikoa eta farmakoekonomikoa ."
0,2,"Hipertentsiorako tratamendu farmakologikoa konplexua da *"
0,3,"hori adierazten du medikuek errezetatutako eta laborategi farmazeutikoek eskainitako farmako aukera zabala ."
0,4,"Hipertentsio arterialaren prebalentzia handia da * batez ere 65 urtetik gorako pertsonetan ."
1,5,"Euskal Herriko hipertentsioz tratatutako populazioaren prebalentzia 108 mila biztanleekikoa da ."
0,6,"Hipertentsioaren tratamendurako farmako erabilienak Euskal Herrian dira : ECA-ren inhibitzaileak * batez ere enalaprila * eta angiotentsina II-ren antagonistak ."
1,7,"Farmako antihipertentsiboen kostu ekonomikoak 72.050.133.02 suposatzen du ."
0,8,"Farmako zehatz baten presentazio berdinen artean prezio ezberdintasun garrantzitsuak existitzen dira ."
0,9,"Merkatuak eskaintzen digun espezialitate merkeena aukeratuko bagenu"
0,10,"6.463.400.35¤-ko aurrezpena lortuko genuke ."
0,1,"Weba euskarazko corpus gisa ."
0,2,"Euskarak * beste edozein hizkuntzak bezala * testu-corpusak behar ditu"
0,3,"mundu modernoan bizirauteko"
0,4,"eta normalki erabiltzeko ."
0,5,"Alabaina * euskarazko corpusak gutxi eta txikiak dira *"
0,6,"beste hizkuntza handiagoenekin konparatuz gero ."
0,7,"Hori horrela da"
0,8,"beste hizkuntzek « Web-as-Corpus » izeneko planteamendua baliatu dutelako *"
0,9,"hau da * weba erabili dutelako corpus gisa edo corpusak osatzeko testu-iturritzat ."
1,10,"Artikulu honetan azaltzen dira bere doktorego-tesian lehenengo autoreak * beste bi autoreen zuzendaritzapean * euskarazko corpusgintzarako weba eta metodo automatikoak baliatzeko egindako ikerketak * garatutako tresnak eta lortutako emaitzak ."
0,11,"Horietatik ondorioztatu daiteke « Web-as-Corpus » planteamendua baliagarria dela"
0,12,"euskarazko corpusen egoera hobetzeko *"
0,13,"garatu diren tresna informatikoen bidez weba corpus gisa kontsultatzeko tresna bat eraiki baita"
0,14,"eta mota askotako eta kalitatezko corpusak lortu ahal izan baitira ( corpus orokor oso handiak * corpus espezializatuak * corpus konparagarriak * . . ) ."
0,15,"Horietako asko jada online gizartearen eskura jarri dira ."
0,1,"Industri Automatizazioan kontrol-programak berrerabiltzeko bidean ."
0,2,"Gaur egungo industri aplikazioek sistema konplexuagoak * seguruagoak eta fidagarriagoak behar dituzte * bai eta malgutasun eta berrerabilgarritasun handiagokoak ere ."
0,3,"Hori dela - eta * lehentasuna hartu dute garapen-ingurune ezberdinen integrazioak eta aldez aurretik beste aplikazioetarako sortutako kontrol-programen kodearen berrerabilgarritasunak ."
0,4,"Fabrikatzaileek sistemak programatzeko sistemetan IEC 61131-3 estandarrari jarraitzean datza helburu hauek lortzeko giltzarria ."
0,5,"Honela *"
0,6,"automatizazio-proiektuen egitura eta programatzeko lengoaiak batuz *"
0,7,"kodea berriz erabiltzea lor daiteke ."
0,8,"Benetako berrerabilerak * estandarrak definitzen dituen alderdiez gain * ingurune batetik beste batera transferitzeko mekanismoak eskatzen ditu ."
0,9,"Lan honetaz diharduen PLCopen erakundeak XML interfaze bat definitu du ."
0,10,"Interfaze hau daukaten programazio-inguruneetan IEC 61131-3 jarraituz gero *"
0,11,"zuzenean lortzen da elkarreragina eta * ondorioz * kodea berrerabiltzea ere ."
1,12,"Lan honetan gehiago eskaintzen duen bidea aurkezten da *"
0,13,"edozein programazio-inguruneren elkarreragin lortzeko metodologia aurkezten baita *"
0,14,"erabiltzaileak honela kontrol programen berrerabilera benetan aukeran izan dezan ."
0,1,"LATEX : euskarazko dokumentu zientifiko-teknikoen ediziorako baliabideak ."
0,2,"Gaur egun * komunitate zientifikoaren & lingua francatzat & har daiteke kalitate tipografiko handiko testuen ediziorako den LATEX sistema ."
0,3,"Nahiz eta hainbat hizkuntzatan lan egiteko aukera eman *"
0,4,"ingelesarekin eta ingelesaren antzeko hizkuntzekin lan egiteko dago LATEX prestatuta ."
0,5,"Ingelesaren egitura eta numerazio-arauak betetzen ez dituzten hizkuntzetan idaztea ( euskara kasu ) ez da prozesu samurra LATEXen ."
1,6,"Artikulu honetan * euskarak LATEX munduan duen problematika aztertzen da *"
1,7,"eta eragozpenak gainditzeko dauden bailabideak aztertzen dira ."
1,8,"Horrez gain * euskarazko dokumentuak idazteko beharrezkoak diren programaziorako gidalerro eta gomendio orokorrak azaltzen dira ."
0,1,"Euskararen Sorkuntza Automatikoa : lehen urratsak ."
1,2,"Lan honetan euskararen sorkuntza automatikoan eman diren lehen urratsak azaltzen ditugu ."
0,3,"Urrats horiek azaltzeko *"
0,4,"hiru ikerketa-lerrotan egin diren lanak aurkezten ditugu : i ) poesiaren sorkuntzan * ii ) testuen sinplifikazioan eta iii ) galderen sorkuntzan ."
0,5,"Atzerriko hizkuntzetan egin den lana azaldu ondoren *"
0,6,"ikerketa-lerro horietan hizkuntzaren sorkuntza nola erabiltzen den banan-banan deskribatzen dugu adibideekin batera ."
0,7,"Azkenik * etorkizunerako planteatu ditugun erronkak eta soluzio posibleak zerrendatzen ditugu ."
0,1,"Kannabinoideen analisia gaixoen odol-plasman minaren aurkako terapiaren jarraipena egin ahal izateko ."
0,2,"Kannabinoideak historian zehar erabili izan dira minaren aurkako osagai aktibo gisa ."
0,3,"Gaur egun konposatu hauek nerbio-bulkada inhibitzeko gai direla badakigu"
0,4,"eta * honek * azken urteetan * patologia kronikoak dituzten ( fibromalgia * kantzerra * esklerosis multiplea . . ) gaisoen mina arintzeko kannabinoideak hartzen dituztenen kopuruak gora egitea eragin du ."
0,5,"Gaixo hoien minaren pertzepzioaren jeitsierak eta kontsumitzen duen kannabinoideen arteko erlazioa ezagutzea garrantzitsua izan daiteke"
0,6,"cannabisaren kontsumoak duen eraginkortasuna baloratu ahal izateko ."
0,7,"Horrela * kannabinoiderik aktiboenak eta kantitaterik egokienak defini daitezke gaixotasun kronikodun pertsonetan *"
0,8,"eta horien erabilera segurua areagotu ."
0,9,"Erlazio horiek finkatu ahal izateko"
1,10,"odol-plasmako kannabinoideen identifikazioa eta kuantifikazioa ezinbestekoa da ."
0,11,"Hori dela eta * THCA * THC * beraien bi metabolitoak ( 11-hydroxy - ? 9-tetrahydrocannabinol * 11 - OH-THC eta 11-nor - 9-carboxy - ? 9-tetrahidrocannabinol * THC-COOH ) * CBD * CBG eta THCV giza-plasman determinatzeko metodoa garatu da ."
0,12,"Garatutako metodoa masa-masa espektrometroari lotutako erresoluzio altuko kromatografia likidoa ( HPLC-MS / MS ) analisian oinarritzen da ."
0,13,"Analisia burutu aurretik *"
0,14,"plasmako proteinak hauspeatu ondoren *"
0,15,"laginaren fase solidoaren bidezko garbiketa-kontzentrazio prozedura burutzen da ."
0,16,"Lortzen diren emaitzen berreskurapenak egokiak dira ( % 100aren ingurukoak )"
0,17,"eta detekzio mugek odolean aurkitzen diren ."
0,1,"Ikerketa funtzionalak eritasun zeliakoan ."
1,2,"Azken urteotan * gure taldeak eritasun zeliakoaren genetika eta immunologia aztertu ditu * hainbat ikuspuntu ezberdin eta berritzailetatik ."
0,3,"Gaixotasun hau glutenaren gliadinak eragindako immune sistemaren kitzikapen jarraituaren eraginez gertatzen den enteropatia bat da ."
0,4,"Orokorrean * eritasun zeliakoaren sintomak glutena dietatik kentzearekin batera normaltasunera itzultzen dira ."
0,5,"Hau guztia dela eta * gaixotasun autoimmuneen ikerketarako eredu paregabea izan da orain arte *"
0,6,"diagnosirako zein jarraipenerako biopsiak egin behar izan baitira"
0,7,"eta lagin hauek gaixotasun aktibo eta tratatuaren argazkiak egitea baimendu baitute ."
0,8,"Horrela * alde batetik * Genoma Osoko Asoziazio Azterketa ezberdinetan zein Immunochip proiektu internazionalean ( immune sistemarekin erlazionatutako geneen genotipaketa dentsoa ) identifikatutako asoziazio lokusetan kokaturiko gene hautagaien azterketa funtzionalak egin ditugu ."
0,9,"Azterketa hauen arabera * badira eritasun zeliakoarekin asoziaturiko hainbat SNP inguruan dituzten geneen adierazpena aldarazten dutenak ."
0,10,"Gainera * SNP hauek gene batengan baino gehiagorengan eragin dezakete * modu koordinatuan *"
0,11,"eta kasu batzuetan * estimulu immunotoxikoa gertatu ostean bakarrik izaten da nabarmen ."
0,12,"Bestalde * duela zenbait urte gure laborategian egindako genoma osoko adierazpen azterketa bati esker * eritasunean inplikaturiko hainbat bidezidor biologiko identifikatu eta sakonago analizatu ditugu ."
0,13,"Besteak beste * zelularteko lotura hertsien * Toll-like hartzaileen eta NFk B bidezidorren RNA eta proteina adierazpen azterketetan murgildu gara ."
0,14,"NFk B bidezidorraren kasuan * adibidez * aurretiaz proposatutako gainadierazpen konstitutiboa berretsi dugu"
0,15,"eta berau osatzen duten geneen koadierazpenak heste osasuntsua ezaugarritzen duela frogatu ."
0,16,"Gure ikerketaren arabera * korregulazio hau erabat endekatuta dago gaixotasun aktiboan *"
0,17,"eta erdibideko erregulazio maila aurkezten du eritasun zeliako inaktibo edo tratatuan ."
0,18,"Gainera * gliadinak bidezidor honengan duen eragina gutxitu dezakeen konposatu bat aurkitu dugu * etorkizunean * beti ere glutenik gabeko dieta hertsiki jarraitzen duten pazienteengan * glutenaren hartze puntualak ekar ditzakeen sintoma akutuak tratatzeko alternatiba terapeutiko izan litekeena ."
0,19,"Azkenik * gure taldeak eritasun zeliakoaren epigenetikan lehen urratsak eman ditu azken denboran ."
0,20,"Batetik * zenbait miRNA molekularen adierazpena ikertu dugu *"
0,21,"eta bestetik * heste zeliakoan * zenbait generen promotore eta lehen exoietan metilazio aldaketa partzialki itzulgarriak ematen direla frogatu dugu * gaixotasun honetan lehen aldiz ."
0,1,"Resberatrolak hipoxia-iskemiak eragindako burmuin-kaltea murrizten du ."
0,2,"Hipoxia-iskemia ( HI ) neonatala gaitz komuna da gaur egun ( jaioberrien % 0.01-0.1 ) * oxigeno eta glukosaren fluxuaren etenak sortzen duena ."
0,3,"Azken urtetako aurrerakuntza pediatrikoak ugariak izan badira ere *"
0,4,"HI jasaten duten umeek heriotza edo behin betiko ondorio larriak pairatzen dituzte : garun-paralisia * epilepsia * adimen-atzeratasuna * ikasteko zailtasunak * hiperaktibitatea eta arretadefizita * eta ikusteko eta entzuteko gabeziak ."
0,5,"Resberatrola ( RVT ) polifenol bat da * batez ere ardo beltzaren bitartez eskuratzen duguna * mahatsondoek eta beste zenbait landarek ekoizten dutena eta propietate antioxidatzaileak eta anti-inflamatorioak dituena ."
1,6,"Lan honen helburua resberatrolak HI burmuin-kaltean efektu neurobabeslea duen frogatzea da *"
0,7,"horretarako Rice-Vannucci animaliaeredua erabiliko dugu"
0,8,"kaltea eragiteko"
0,9,"eta hipoxia baino 10 minutu lehenago edo bukatu"
0,10,"eta berehala resberatrola emango zaie arratoiei ."
0,11,"Zazpi egunetako ( P7 ) arratoiak erabili genituen"
0,12,"experimentuak burutzeko *"
0,13,"zoriz 4 taldetan banatuta ( n = 10 ) :"
0,14,"lehenengo taldea arratoi osasuntsuek osatzen zuten * kontrol moduan erabiliak ( K ) ;"
0,15,"gainontzeko hiru taldeak * HI pairatutako arratoiek osatzen zuten ( HI ) ."
0,16,"Hauetatik * bi taldek resberatrola jaso zuten *"
0,17,"batzuk hipoxia hasi baino 10 minutu lehenago ( RVT aurretik ) *"
0,18,"eta besteek * hipoxia bukatu eta berehala ( RVT ondoren ) ."
0,19,"Burmuin-kaltea eragiteko *"
0,20,"lehenengo eta behin * ezkerreko arteria karotida komuna behin betiko okluitu egin zitzaien *"
0,21,"eta bi ordutako atseden prozesu baten ostean * animaliak 135 minutuz asfixiatu egin ziren"
0,22,"oxigenoa %8-ra jaitsiz ."
0,23,"Resberatrola intraperitonealki injektatu zitzaien * 20 mg / kg-ko dosi bakar baten bidez ."
0,24,"Kaltea sortu eta zazpi egunen buruan ( P14 ) *"
0,25,"animaliak hil eta perfunditu egin ziren *"
0,26,"burmuinaren sekzioak erdietsiz ."
0,27,"Lagin hauek Nissl-arekin tindatu eta Myelin Binding Protein ( MBP ) - rekin immunomarkatu egin genituen *"
0,28,"infartuaren azalera eta oligondendrozitoek pairatutako mina aztertzeko ."
0,29,"Arratoiek 90 egun zituztenean ( P90 ) *"
0,30,"T labirinto * zuloen taula eta objetu berriaren miaketa testak burutu ziren ."
0,31,"Estatistikarako faktore bakarreko ANOVA ( p < 0.05 ) erabili zen ."
0,32,"Arratoiek 14 egun zituztenean *"
0,33,"HI eta RVT ondoren taldeek hemisferio ipsilateralean infartu-azalera nabaria erakutsi zuten bitartean *"
0,34,"K eta RVT aurretik taldeen artean ez zen desberdintasun makroskopikorik antzeman ."
0,35,"Puntuazio neuropatologikoan oinarrituriko sistema semikuantitatiboaren arabera * hipokanpoan eta kortex parietalan nagusitutako kaltea pairatu zuten HI eta RVT ondoren taldeek ."
0,36,"MBP-immunomarkaketaren hemisferio ipsilateral eta kontralateralaren arteko ratioak beherapen esanguratsua azaltzen zuen"
0,37,"HI taldean kontrol taldearekin aldenduz gero *"
0,38,"reberatrolaren aurre-tratamenduak berrezarri egiten zuena ."
0,39,"Heldutasunean * RVT aurretik jasotako animaliek T labirinto * zuloen taula eta objetu berriaren miaketa testetan emaitza hobeak lortu zituzten ."
0,40,"Gure emaitzek iradokitzen dute HI-ren aurretik resberatrola administratzeak eragin positiboa duela *"
0,41,"infartuaren bolumena murriztuz *"
0,42,"oligondendrozitoen bideragarritasuna mantenduz"
0,43,"eta jokaera testak hobetuz ."
0,1,"LIFE REGEN FARMING : nekazaritzarako praktika erregenetiboak * lur emankorragoak eta biodibertsitate handiagoko larreak lortzeko ."
1,2,"Larre osasuntsuago * emankorrago eta landare biodibertsitate handiagoko larreak lortzea da NEIKER-ek gidatzen duen LIFE REGEN FARMING ( LIFE12 ENV / ES / 00232 ) proiektuaren helburua ."
0,3,"Ekimenaren abiapuntua larreak gobernatzeko praktika egokiak frogatzea * barreiatzea eta transferitzea da * eta abeltzain eta nekazariei nekazaritza erregeneratiboko teknikak proposatzea *"
0,4,"lurra eraginkorrago eta iraunkorrago kudeatu ahal izateko ."
0,5,"Proiektu horretarako * NEIKER-ekin batera * Nafarroako Elikadura Teknologien eta Azpiegituren Institutua ( INTIA ) eta Urdu¤ako Udal Sozietate Publikoa ( Urdu¤ederra * SL ) parte hartzen dute ."
0,6,"Nekazaritza eta abeltzaintzako ekoizpen handiagoa lortu nahian * larreak kokatzen diren lurrek produkzio intentsiboko praktikak nozitzen dituzte *"
0,7,"eta horrek kalitateari eta iraunkortasunari egiten die kalte ."
0,8,"Arazo horri irtenbideak bilatzeko *"
0,9,"LIFE REGEN FARMING proiektuan nekazaritza erregeneratiboan oinarritutako jarduera ildoak testatu nahi ditu : ongarri organikoak erabiltzea ; larretan zuzeneko ereintzak egitea ; belar espezie iraunkorrak erabiltzea * eta artaldeei zuzendutako artzaintza garatzea ."
0,10,"Praktika horiek datozen hiru urteetan probatuko dira *"
0,11,"ingurumenaren aldetik zein ekonomiaren aldetik bideragarriak diren zehazteko ."
0,12,"Zuzeneko ereintza esaten zaion praktika lurrean"
0,13,"zulo txikiak eginez"
0,14,"gauzatzen da *"
0,15,"eta haziak horietan zabaltzen dira ."
0,16,"Metodo horrek nekazaritzan konbentzionalki egin ohi diren eta larreko lurra erosionatzen duten ildoak egitea galarazten du ."
0,17,"Horrez gain * belar espezie iraunkorrak erabiltzeak belarrak denbora gehiago irautea ahalbidetzen du *"
0,18,"eta horrek lurraren integritatea luzerago mantentzen du ."
0,19,"Horrez * gain * zuzendutako edo bideratutako artzaintzaren aukerak aztertuko dituzte ."
0,20,"Horren arabera * ganadua leku jakin batzuetara eta unerik egokienetan eramaten da *"
0,21,"produkzio optimizatzeko"
0,22,"eta larreak hobeto aprobetxatzeko helburuarekin ."
0,23,"Gainera * denbora jakin batez larreei atseden emateko aukera ere aztertuko da *"
0,24,"lurra lehengoratu ahal izan dadin ."
0,25,"Saiakuntzak sail hauetan dauden larreetan egingo dira : NEIKER-Tecnaliak Arkautin dituen sailak ( Araba ) * INTIAk Orreagan ( Nafarroa ) * latxa ardiaren bazkarako ekoizpen ekologikoko zelaiak ; eta Urdu¤an * esne eta haragitarako ganadurako larreak ."
0,26,"Helburua praktika erregeneratibo horiek bestelako baldintza agroklimatiko batzuetan testatzea da *"
0,27,"beste ezaugarri batzuk dituzten lurretan aplikatu"
0,28,"eta gero praktika berrien emaitzak jakiteko ."
0,1,"Erretrobirus endogenoak : ostalariaren lagun ala etsai ?"
0,2,"Erretrobirusak kate bakarreko RNA birusak dira ."
0,3,"Birus hauen erreplikatzeko sistema alderantzizko transkripzioa da :"
0,4,"alderantzizko transkriptasa entzimaren bidez RNA genomatik DNA sortzen dute ."
0,5,"DNA berri hau orduan zelula ostalariaren genomaren baitan integratzen da ."
0,6,"Erretrobirusaren integrazioak garrantzi handiko ondorioak ditu eboluzioan ."
0,7,"Izan ere * zenbaitetan erretrobirusek hozi-zelulak infekta ditzakete"
0,8,"eta ondorioz * infektatutako hozi-zeluletatik sortzen diren ondorengoek probirusa"
0,9,"euren genoman barneratua"
0,10,"izango dute ."
0,11,"Modu honetan hozi-lerroan txertatzen diren erretrobirusei erretrobirus endogeno deritze ( ERV ) ."
0,12,"Milioika urteetan zehar eman den integrazio erretrobiralen pilaketa jarraituak * ornodun guztien genomak ERV infekzio ugariren eramaileak izatea eragin du"
0,13,"( esate baterako giza genomaren %8 mota honetako elementuek eratzen dute ) ."
0,14,"ERV gehienak akasdunak badira ere ( mutazio * delezio eta birkokapenen edo eraldaketa epigenetikoen ondorioz ) *"
0,15,"zenbaitek gene baterako edo gehiagorako irakurketa marko irekiak ( ORF-ak ) mantendu dituzte milioika urtetan zehar *"
0,16,"nolabait ostalariarentzako onuragarriak direla iradokiz ."
0,17,"Adibiderik ezagunena sinzitina izeneko proteinena da * plazentaren garapenean betetzen duten paper garrantzitsuagatik ."
0,18,"Horrez gain * ERV-ek alboko geneen adierazpena kontrolatu dezaketen sekuentzia-erregulatzaileak dituzte *"
0,19,"ornodunen genomaren funtzio eta eboluzioarengan eraginez honela ."
0,20,"ERV-en LTR elementuak ( Long Terminal Repeat ) *"
0,21,"hain zuzen ere * geneei sekuentzia promotoreak helarazteagatik"
0,22,"dira ezagunak ."
0,23,"Gure taldean animalia espezie desberdinetan ( gizakia barne ) ERV-ek duten eragina aztertzen dugu ."
0,24,"Teknika bioinformatiko zein esperimentalen bidez * ERV-ak karakterizatu ditugu"
0,25,"eta berriak detektatu *"
0,26,"eta horietariko zenbaiten adierazpena aztertu dugu ."
0,27,"Behatu dugunez *"
0,28,"ERV-en adierazpena kasu batzuetan onuragarria bada ere *"
0,29,"ostalariarengan minbizia sortzeko ahalmena izan dezake besteetan ."
0,30,"Gainera * LTR elementuetako batzuek alboko geneen adierazpenean eragiten ote duten ikusteko kolaborazio bat hasi dugu Mager Dkren taldearekin ( University of British Columbia * Kanada ) ."
1,31,"Osasun-zientzietako topaketa hauetan gure taldean burutzen den lana azalduko dizuegu *"
0,32,"zenbait ERV-en jarduera onkogenikoen adibideak erakutsiz * baina baita ostalaria babesteko duten gaitasuna ere ."
0,1,"Neologia * erlojupeko lasterketan : Internet"
1,2,"Egungo errealitatean terminologia-neologiak aurrez aurre dituen erronkei buruz hausnartzea da komunikazio honen asmoa ."
0,3,"Horretarako * bada * Interneten neologia sortzeko eragina duten zenbait puntu landuko ditugu ."
0,4,"Interneti buruzko terminoak azkar sortu eta zabaltzen dira *"
0,5,"eta hedapen handia lortzen dute *"
0,6,"hizkuntza guztiak erlojupeko bene-benetako lasterketa batean bailebiltzan ."
0,7,"Egia da * bai *"
0,8,"termino berrien sorkuntza abiadura ikaragarrian dabil * informatikako teknologia eta * orokorrean * telekomunikazioetako teknologia aurreratu eta eraberritzen den martxa berean ."
0,9,"Ezaugarri hori aurrerakuntza zientifiko eta teknikoan berdin agertzen bada ere *"
0,10,"eta * beraz *"
0,11,"terminologiako neologiaren ezaugarri bada *"
0,12,"landutako arloa berezia denez *"
0,13,"berari dagokion neologiari berezitasun batzuk ezartzen dizkio *"
0,14,"eta kontuan hartzekoak dira ."
0,15,"Alde batetik * Interneteko terminoak ezagutarazteko erabiltzen den kateak * beraz * sareak berak *"
0,16,"terminologia azkar zabaltzeaz gain"
0,17,"- - Interneteko informazioa ( ia ) bat-batean lortzen da - - *"
0,18,"hedapen luze-zabala du oso *"
0,19,"munduko edozein bazterrera heltzen baita ."
0,20,"Are gehiago * edozein tokitatik biltzen dira terminoak *"
0,21,"baita komentatu eta haztatu ere ;"
0,22,"adibidez * Interneti buruzko terminoen glosarioak zabaltzen dira Web askotan *"
0,23,"eta izendegietarako proposamenak egin ere bai *"
0,24,"eta erabiltzaileek botoa eman ahal izaten diete ."
0,25,"Ondorioz * funts funtsezko arazo baten aurrean aurkitzen gara : espezialitateko eremuaren mugak gainditzen dituela Interneteko terminologiak"
0,26,"( espezialitatera mugatzen da * definizioz * lexiko zientifiko eta teknikoa ) *"
0,27,"eta erabilera orokorreko hizkeran sartzen dela indartsu ;"
0,28,"horrela * bai sarearen erabiltzaile heterogeneoek ( edozein espezialitatekoek zein espezialitaterik gabekoek ) * bai prentsa irakurri edo komunikabideei arreta jartzen dietenek * guztiok erabiltzen dute ."
0,29,"Zelako terminologia sortzen ari da ?"
0,30,"Zeintzuk dira lexikoaren sorkuntzan gailentzen ari diren sistemak ?"
0,31,"Ezaugarri berdin eta komun bat daukate hizkuntza guztiek :"
0,32,"terminoak ingelesez sortzen dira *"
0,33,"eta mailegu moduan sartzen dira beste hizkuntzetan ."
0,34,"Nola erantzuten dute hizkuntza hartzaileek ?"
0,35,"Nola lantzen dute Interneteko terminologia ?"
0,36,"Termino al dira termino itxurako guztiak ?"
0,37,"Izendatzeko benetako premiei erantzuten al diete ?"
0,38,"Edo * aldiz * lexikoaren sorkuntzan asko eta asko ez ote dira sentsazionalismoan erori eta azkar galduko direnak ?"
0,1,"Terminologiaren eta itzulpengintzaren arteko erlazioari buruzko gogoetak itzulpeneta interpretazio-ikasketetan : kasu praktiko bat"
1,2,"Komunikazio honetan Alfonso X el Sabio Unibertsitateko Itzulpengintza eta Interpretaritzako Lizentziaturako ikasle eta irakasle batzuek 1996-1997 ikasturtean egindako esperientzia bat azalduko dizuegu ."
0,3,"Ikasle eta irakasle horiek guztiak hirugarren ikasturteko ikasgai jakin batzuetakoak ziren ."
0,4,"Esperientzia horretan zehar * dokumentazioa * terminologia * fraseologia * itzulpengintza eta abarren gainean ikasitakoak praktikan jartzeko aukera izan zuten batzuek eta besteek ."
0,5,"Bi ikuspuntu erabili ditugu"
0,6,"esperientzia hori azaltzeko :"
0,7,"alde batetik * ikuspuntu besterik gabe akademikoa *"
0,8,"esperientzia Itzulpengintza Berezituko eta Terminologiako ikasgaien barruko jardueren artean egin genuen - eta ;"
0,9,"beste alde batetik * berriz * ikuspuntu profesionala *"
0,10,"esperientzia itzulpengintzaren merkatutik etorritako benetako eskari batek eragin baitzuen ."
0,11,"Helburuak ere bi jomuga zituen : alde batetik * lanbidearen errealitaterako hurbilpen delako hori - kasurik onenean ere gelan egindako simulazio-saio batzuk baino urrunago ez doana - muturreraino eramatea *"
0,12,"nonahi eta noiznahi aipatzen baitzaigu bai itzulpengintza eta interpretaritzari buruzko nazioarteko foroetan * bai halako diziplinen inguruko ikasgaietako ikasketa-planetan eta curriculumetan ere ;"
0,13,"eta beste alde batetik * gaur egun batetik bestera hain usu darabilgun diziplinartekotasuna gauzatzea"
0,14,"behingoz zalantzari tokirik utzi gabe ."
0,15,"Izan ere * itzulpengintza eta Interpretaritzako ikasketetan ez dugu diziplinartekotasun hori baztertu"
0,16,"baina * barneratu ere ez dugu erabat egin ( behin betiko indartzeko arrazoi garbia * beharbada ) ."
0,17,"Azken hori dela eta * gure asmoa okerreko uste bat betiko zuzentzea da *"
0,18,"ikasleen artean oso zabalduta dagoenez *"
0,19,"karreran zehar ikasi * barneratu eta gainditu behar dituzten ikasgaiak bloke isolatuak baitira * bihar-etziko lanbidearekin zerikusirik ez dutenak ."
0,20,"Azken batean * halako gogoeta teoriko eta praktiko bat egin nahi izan dugu dokumentazioaren * terminologiaren * fraseologiaren eta itzulpengintzaren artean behintzat"
0,21,"- bestetik ez bada erenabari den erabateko loturaren inguruan eta horrelako esperientziek - gure uste apalean - Espainian gaur egun eskura ditugun itzulpengintza-ikasketetan eragiten dituzten ondorioen gainean * ondorio akademiko zein irakaskuntza-mailakoen gainean ."
0,1,"Candida albicans-en karakterizazio antigenikoa"
0,2,"Candida albicans animalia homeotermoetarako ohizko oportunista den onddo patogenoa da ."
0,3,"Legamia honek odolez sakabanatzeko gaitasuna dauka"
0,4,"arazo larriak sortuz inmunokonprometituak dauden pazienteengan ."
0,5,"Azken urte hauetan C. albicans-ek parte hartzen duen gaixotasun hepatosplenikoen kasuen frekuentzia igotzen ari da minbizia duten pazienteengan ( Bodey et al ; 2002 ) ."
0,6,"Hormako proteinak eta manoproteinak Candida albicans-en antigeno nagusienak dira"
0,7,"eta horrexegatik beren ikerketa beharrezkoa da"
0,8,"parte hartzen duten prozesu guztiak ezagutzeko ."
0,9,"Helburuak"
1,10,"- C. albicans-en aurkako erantzun immunologikoa * proinflamatorioa eta tumoreen itsaspena bizkortzen duten antigenoak identifikatu eta karakterizatu ."
1,11,"- Bizkortzeko mekanismoak ikertu ."
1,12,"- Tumore-markatzaileak identifikatu ."
1,13,"- Proteina errekonbinanteak eta antigenoen aurkako antigorputz monoklonalak sortu ."
0,14,"Metodoak"
0,15,"- Kultibo mikrobiarraren teknikak ."
0,16,"- Frakzio molekularren banaketa kromatografiaren bidez ."
0,17,"- Bi dimentsioko elektroforesien bidezko proteinen banaketa eta analisia ."
0,18,"- Espektrometriaz egindako sekuentziazioaren bidezko identifikazio eta karakterizazioa ."
0,19,"- Serumen aurkako analisi immunologikoa Inmunoblotting edo EL ISA erabilita ."
0,20,"- Zelulen mantentze eta kultibapena ."
0,21,"- Biologia zelularraren tekniken bidezko zelula endoteliarren sorrera ."
0,22,"- Fluxu-zitometria ."
0,23,"- ELISA - z egindako zitozinen neurketa ."
0,24,"- DNA errekonbinantearen teknikaren bidezko proteinen klonazioa ."
0,25,"Erabilera k"
0,26,"- Candidak sortutako gaixotasun ezberdinen diagnostikoa ."
0,27,"- Proteina errekonbinanteak itu terapeutikotzat erabiltzea ."
0,28,"- Tumorea sortzeko prozesuaren tratamendua ."
0,1,"Ingurumen toxikogenomika"
0,2,"Animaliek * toxikoak diren konposatu kimikoen aurrean erantzuten dute * bizi direneko ingurumen naturalaren aldaketen aurrean moldatzen diren modu berean *"
0,3,"eta konpentsazio-mekanismoak garatzen dituzte ."
0,4,"Mekanismo hauen bidez tratamenduari aurre egiteko gai ez badira *"
0,5,"organismoek efektu toxikoak jasan ditzakete ."
0,6,"Konpentsazio / toxikotasun-erantzun hauetako asko transkripzio mailan daude erregulatuta *"
0,7,"gene-sare espezifikoak gain edo azpierregulatuz ."
0,8,"Azken urteotan * positiboki edo negatiboki erregulaturiko geneak * esposizio zehatzen zein egoera patologikoen diagnostiko direnak * biomarkatzaile molekular bihurtu dira * ingurumen toxikologiaren ikerkuntzaren lehenengo lerroan *"
0,9,"ingurumenaren osasuna aztertzeko tresna gisa erabiltzen direlarik ."
1,10,"BZIT ikerketa-taldea RT - PCR eta in situ hibridazioa erabiltzen aritu da besteak beste *"
0,11,"metal ( metalotioneinak muskuilu eta zizareetan ) * hidrokarburo aromatiko polizikliko ( CY P1A1 arrainetan ) * peroxisomen proliferatzaile ( AO X1 eta PPAR ? muskuilu eta arrainetan ) edo xenoestrogenoen ( bitelogenina eta CY P19 arrainetan ) esposizioaren diagnostiko diren geneen espresioa kuantifikatzeko ."
0,12,"Kasu gehienetan *"
0,13,"sekuentzia geniko horiek gure laborategian azterturiko espezie behaleetan ezezagunak zirenez *"
0,14,"klonatu ditugu *"
0,15,"ebolutiboki kontserbaturiko geneen guneekiko diseinaturiko hasle andeatuak erabiliz eta PCR bidez ( EB - k diruz lagundutako BEEP proiektua * 2001-2004 ; MEC - ek diruz lagundutako BIOMTOOLS proiektua * 2002-2005 eta PRESTEPSE proiektua * 2004-2007 eta Eusko Jaurlaritzaren ETORTE K IMPRES proiektua * 2003-2007 ) ."
0,16,"Biomarkatzaile & konbentzionalez & gain * hau da * zenbait xenobiotikoren eraginpean erregulatzen diren gene ezagunez gain * gene-sareak aztertzen dituzten ekoizpen altuko transkriptoma-ikerketek * ehunka zein milaka gene aldi berean jarraitzeko abantaila eskaintzen dute *"
0,17,"konposatu kimikoek eragin ditzaketen eta patogenesian ( minbizia * zoldura * ugalketa * garapen * zein portaera mailako alterazioak eta abar ) inplikatuta egon daitezkeen geneen arteko elkarrekintza-sareak azaleraziz ."
0,18,"Zentzu honetan * FISHto TXIPS eta ITSAS onTXIP izeneko SA IOTE K proiektuetan ( 2006-2008 ) toxikologikoki esanguratsua den eta 175 generen espresio mailak saio bakarrean aztertzea ahalbidetuko duen dentsitate baxuko mikrotxipa garatu dugu Chelon labrosus lazunean ."
0,19,"Anelido * muskuilu eta arrainetan xenobiotikoen eraginpeko esposizio-biomarkatzaile molekular berriak eta espezifikoagoak aurkitzeko helburuarekin *"
0,20,"mikrotxipak aplikatu ditugu hurrengo espezieetan : Mytilus galloprovincialis muskuiluan ( 1746 gene * MEC - ek diruz lagundutako CANCER MAR proiektua * 2006-2009 ) * Scophthalmus maximus erreboiloan ( 2745 gene * EB - k diruz lagundutako PRAG MA proiektua * 2006-2007 ) edo Lumbricus rubellus zizarean ( 11000 gene * Eusko Jaurlaritzak diruz lagundutako ETORTE K BERR ILUR - II proiektua * 2006-2008 ) ."
0,1,"Nanopartikulen toxikotasuna"
0,2,"Nano tamainako partikulen ezaugarri fisikokimikoak tamaina arrunteko substantzia baliokideen ezaugarrien desberdinak dira *"
0,3,"eta sarritan ezin dira aurreikusi ere ."
0,4,"Nanomaterialak gero eta gehiago erabiltzearekin batera *"
0,5,"ingurumen eta osasunaren gainean eurek eduki ditzaketen arriskuei buruzko ikerketak bultzatu beharra dago ."
0,6,"Injinerututako nanomaterialen erabiltze eta eskukatzeari dagokien kezka nagusia * beraien toxizitatearen oinarria * seguru asko * screening toxizitate-test estandarrek gaur egun barne hartzen ez dituzten ezaugarri fisikokimikoak izatea dugu ."
0,7,"Horrez gain * partikula horien erabilpen komertzialak kezka handia sortu du *"
0,8,"zuzenean euren sakabanaketa zabala ekar baitezake * bai ( 1 ) industri isurketen zein etxeko hondakinen erreken bitartez * eta baita ere ( 2 ) norberaren zaintzan zein fuel-katalizatzaileen moduko erabilpen orokorreko bestelako produktuen bitartez ."
0,9,"Horrelako sakabanaketa zabalak ingurumen zein giza-osasunaren gainean izan ditzakeen ondorioak ez dira oraindik ezagutzen ."
1,10,"Testuinguru honetan * BZIT taldeak * E. Valsami-Jones ( Natural History Museum * London ) Dr . - ak zuzentzen duen EB - ko 7. FP-ko NANORETO X ( 2008-2012 ) ikerketa-proiektuan lanean dihardu ."
0,11,"NANO RETO X-en helburu gidaria da osasunaren eta ingurumenaren gainean injinerututako metal-nanopartikulek dituzten efektuei dagozkien zalantza zientifikoak argitzeko ahalegintze globala izango dena ezagumendu berriez hornitzea * zein industriak eta gobernuek nanomaterial horien arrisku-ebaluaketari ekiten hasteko informazio berriaren corpusa eta tresna berri bat eskaintzea ."
0,12,"NANORETO X-ek honako bost gako-galdera hauei erantzun nahi die :"
0,13,"( 1 ) Ingurumenak nola aldaraz litzake bertan askatutako nanopartikulen ezaugarri fisikokimikoak eta bioerreakzionagarritasuna ?"
0,14,"( 2 ) Nola eragin lezake horrek ugaztunen zelulekin eta organismo urtarrekin zein beraien zelulekin interakzionatzeko eta euren baitan sartzeko partikula horiek duten gaitasuna ( bioeskuragarritasuna ) ;"
0,15,"eta bioeskuragarritasun horrek toxikotasuna sorraraziko ote luke ?"
0,16,"( 3 ) Ba al dago ezaugarri fisikokimikoei dagokien erreaktibotasun eta / edo toxikotasun zelularraren patroi zehatzen bat ( adb . aktibitate hierarkia bat ) ?"
0,17,"( 4 ) Aurreko hiru jiteak ikertzean"
0,18,"atzemandako baldintzen zein konbinaketak sorraraziko luke arriskua giza-osasunean eta ingurumenean ?"
0,19,"( 5 ) Nola inkorporatu liteke informazio guzti hori arrisku-ebaluaketarako eredu batean ?"
0,20,"Gure taldeak NANORETO Xen dituen betebehar nagusiak hauexek dira : ( 1 ) muskuilu eta zebra arrainek nanopartikulak in vivo nola hartzen dituzten ikertzea eta autometalografia *"
0,21,"X-izpien mikroanalisia zein mikroskopia elektronikoa erabiliz"
0,22,"nanopartikulak barneratzeko mekanismoak eta bidezidorrak ezagutzea * ( 2 ) zelula mailako kalteak muskuilu eta zebra arrainetan ( lisosomen mintzen egonkortasuna * liseri-guruinaren / gibelaren * gonadaren zein zakatzen histopatologia * metalotioneinen indukzioa * geneen adierazpen mailak * estres oxidatiboa ) eta organismo mailako kalteak muskuiluetan ( hilkortasuna ) zehaztea * ( 3 ) nanopartikulen barneratzea zein erreakzionagarritasuna in vitro ikertzea eta toxikotasun-mekanismo posibleak aurkizea *"
0,23,"muskuiluen hemozitoen eta zakatz-zelulen kultibo primarioak erabiliz *"
0,24,"eta ( 4 ) metal-nanopartikulen genotoxikotasuna ( mikronukleoen saiakuntza * Kometa saiakuntza ) eta kartzinogenesia ( lesio preneoplasiko eta neoplasikoen detekzioa * histologiaren * entzima-markatzaile goiztiarren eta gene-adierazpenaren soslai aldaketen bitartez ) aztertzea ."
0,1,"Nanopartikula magnetikoak"
0,2,"Azken urteotako aurrerapen teknologiko eta aurkikuntza zientifikoak gero eta konplexutasun maila eta sofistikazio altuagoko sistemak sortzean oinarritu dira *"
0,3,"aurrerapen handi honi sistema horien tamaina txikia kontrajartzen zaiolarik ."
0,4,"Tamainaren txikitze prozesu hau nanomaterialak deiturikoen agerpenarekin bat dator ."
0,5,"Nanoteknologia eta nanozientziako ikerkuntzaren barruan * gutxienez maila nanometrikoan dimentsio bat duten nanoegituratutako materialen sintesia * karakterizazioa * esplorazio eta erabilera sartzen dira ."
0,6,"Nanoegituratutako objektuak & bulk & sistema eta molekulen arteko zubia osatzen dute *"
0,7,"eta hauek * banakako izateak : & cluster&-ak * puntu kuantikoak * nanopartikulak * nanohariak eta nanotutuak ; edo ordenamendu * mihiztadura edo supersareen osagai izan daitezke ."
0,8,"Jakintza-alor ezberdinek elkarlanean egindako ahaleginak * kontzeptu mikroskopiko ugari mundu nanometrikora zabaltzeko aukera eman du *"
0,9,"elektronikoak edo nuklearrak diren berrelkartzeen bidez dabiltzan dispositibo ezberdinak diseinatzea ahalbidetuz ."
0,10,"Bestalde * 1992tik aurrera * sintesi metodo kimikoen erabilerari esker * aplikazio fisikoak ( optikoak * katalitikoak * magnetikoak ... ) dituzten nanopartikulen prestakuntzan aukera ugari azaldu dira ."
0,11,"Partikulak aske edo aurkitzen direneko inguruneaz banaturik iker daitezke ."
0,12,"Azken aukera honetan sistema malgua denez *"
0,13,"oso egokia da"
0,14,"partikulen arteko elkarrekintza magnetikoak ikertzeko ."
1,15,"Testuinguru honetan kokatuko lirateke gure lanean egin beharreko zereginak * hau da * sintesi modu kimikoen erabileran * batez ere nanopartikula magnetikoak lortzeko aitzindari ezorganiko edo organikoen erredukzioan oinarritutakoetan ."
0,16,"Aztertu beharreko konposatuak Cu * Ag eta Au-ren fase metaliko eta intermetalikoak izango dira *"
0,17,"nanopartikula huek tiol * alkohol edo amina motako ligandoz funtzionalizatuko direlarik ."
0,18,"Modu honetan nanopartikulen arteko pilaketa ekidin egiten da"
0,19,"ingurune biologiko batean erabil daitezkeelarik *"
0,20,"edo portaera magnetikoa alda daiteke"
0,21,"estekatzaile eta gainazal metalikoaren arteko loturarekin jokatuz ."
0,22,"Horrela *"
0,23,"nanopartikula hauen ezaugarri eta jatorri magnetikoak ondo ezagutzeko *"
0,24,"ohiko teknika makroskopikoak erabiltzeaz gain ( SQU ID magnetometroa ... ) *"
0,25,"mikroegituraren karakterizaziorako erabiltzen diren beste berariazko tekniketara jo beharko da * hala nola * Mossbauer * mikroskopia elektronikoa * edota sinkrotron erradiazioa ( EXAFS * XANES * XMCD ) ."
0,26,"Azkenik * aipatu ere alkanotiolez inguratutako nanopartikulak oso aitzindari egokiak direla"
0,27,"lurrun faseko metaketa teknikaren ( CVD ) bitartez propietate erdieroaleak dituzten geruza meheak sortzeko ."
